price_cad,bedrooms,bathrooms,availability_date,transit_min_to_ubc,neighborhood,address_or_postal,address_text,latitude,longitude,source,source_listing_id,listing_key,url,title,description
4800,5.0,,,62,city of vancouver,"E 55 Ave, Vancouver, BC V5P1Z4","E 55 Ave, Vancouver, BC V5P1Z4",49.220189,-123.072882,craigslist_van,7934059479,craigslist_van:7934059479,https://vancouver.craigslist.org/van/apa/d/vancouver-east-van-entire-house-for-rent/7934059479.html,East Van Entire House For Rent,"Hello there,
Available from July 1 2026.
**Please note, current tenants still living in, so don’t have more photos. Viewings can be
arranged. Current tenants moving out by end of June.
**Photos don’t show well of the home.
Spacious 5 bedrooms 2 full baths, entire house for rent, on E 55 Ave, steps away from David
Thompson Secondary. About 2100 sqft.
Sir Sandford Fleming Elementary, 3 mins drive, 15 mins walk.
David Thompson Secondary, 5 mins walk.
Langara College, 8 mins drive.
$4800/month, with in-suite washer and dryer. Tenants to pay for utilities, and tenants
insurance and credit check mandatory. Unfurnished.
Looking for clean, respectful, responsible, quiet, no smok ing of any kind please.
Listed and managed by Remax City Realty, office located at #101 - 2806 Kingsway
Vancouver, BC V5R 5T5
Vancouver, East Van, E 49, David Thompson, Sir Sandford Fleming, Langara, UBC, SFU,"
2900,4.0,1.0,,60,Rupert Station,"Rupert, Vancouver, BC V5M2M5","Rupert, Vancouver, BC V5M2M5",49.262223,-123.033837,craigslist_van,7932327305,craigslist_van:7932327305,https://vancouver.craigslist.org/van/apa/d/vancouver-bedroom-bathroom-ground-floor/7932327305.html,"☀ 4 Bedroom, 1 Bathroom Ground Floor Rupert Skytrain Available June 1☀","Available now, still available if ad is up. Please inquire with answers to questions at end of the ad
4 people $2900
5 people $3100
Features:
-4 bedrooms, 1 bathroom
-Unfurnished
-In-suite laundry (washer / dryer)
-1-year lease to start
-Half-month damage deposit required
-Utilities split based on household occupancy
Terms:
-Seeking clean, responsible, and quiet tenants (no parties)
-No smoking and no pets
-Credit check, references, and income verification required
Location:
-5 minute walk to Rupert Station and 10 minute walk to Superstore
-Closest intersection: E 8th Avenue and Rupert
To Apply: To be considered, please reply with a brief introduction including:
-Number of occupants
-Occupation/employment status
-Intended length of stay
-Desired move-in date
-Any pets"
4800,4.0,,,67,city of vancouver,"2442 East 19th Avenue, Vancouver, BC V5M2R9","2442 East 19th Avenue, Vancouver, BC V5M2R9",49.253357,-123.05558,craigslist_van,7932565625,craigslist_van:7932565625,https://vancouver.craigslist.org/van/apa/d/vancouver-plhref2442charming-whole/7932565625.html,(PLH_REF#2442)***Charming Whole 4-Bedroom House with Backyard & Garage,"(PLH_REF#2442)***Charming Whole 4-Bedroom House with Backyard & Garage in Renfrew Heights* $4,800.00 -CAD per month
Address: 2442 East 19th Avenue, Vancouver, BC V5M 2R9
FEATURES
Bedrooms: 4
Bathrooms: 2
Square footage:1746sqft
School DIstrict: Elementary: Lord Beaconsfield Elementary | Secondary: Gladstone Secondary
Parking space: 1 car garage
Availability: May 16, 2026
Pets : Upon owners' approval
Agent Name: Jane
City Neighborhood: Renfrew Heights
Thank you for contacting Panda Luxury Homes!
TO SET UP A VIEWING OR FOR INQUIRIES CONTACT:
Jane Zhang via janezhang @pandaluxuryhomes.com
TO VIEW THIS PROPERTY:TEXT OR CALL
show contact info
DESCRIPTION
Bright and well-located 4 bed, 2 bath home available in the Renfrew Heights area, situated on a quiet, family-oriented, tree-lined street. The home offers a functional layout with comfortable living space, wood flooring, a spacious kitchen, and convenient laundry access.
Enjoy a south-facing backyard, garage, and an excellent location within walking distance to SkyTrain, Trout Lake, Beaconsfield Park, the Community Centre, and the Italian Cultural Centre. This is a great option for tenants looking for a practical home in a peaceful residential neighbourhood with easy access to parks, transit, and daily amenities.
HOME FEATURES & PROXIMITY TO CONVENIENCES
Functional layout
Spacious kitchen
Wood flooring
Laundry included
Garage included
South-facing backyard
NEIGHBOURHOOD FEATURES & PROXIMITY TO CONVENIENCES
Quiet residential neighbourhood
SkyTrain nearby
Trout Lake nearby
Convenient East Vancouver location
Renfrew Heights
To see other available Panda Luxury homes please click;
https pandaluxuryhomes com"
4800,4.0,,,50,Marpole,"7989 Cambie Street, Vancouver, BC V6P3J4","7989 Cambie Street, Vancouver, BC V6P3J4",49.210237,-123.117225,craigslist_van,7929875795,craigslist_van:7929875795,https://vancouver.craigslist.org/van/apa/d/vancouver-plhref7969spacious-bedroom/7929875795.html,(PLH_REF#7969)***Spacious 4-Bedroom Family Home in Desirable Marpole —,"(PLH_REF#7969)***Spacious 4-Bedroom Family Home in Desirable Marpole — Private Backyard + Office*** $4,800.00 -CAD per month
Address: 7989 Cambie Street, Vancouver, BC V6P 3J4
FEATURES
Bathrooms: 4
Bathroom 3
Square footage: 2966sqft
School District:  Elementary: Dr. Annie B. Jamieson Elementary School | Secondary: Sir Winston Churchill Secondary School
Parking space: 1 car parking
Pets Allowed: Pets upon approval
Availability: 	April 1, 2026
Agent Name: Jane
City Neighborhood: Marpole
Thank you for contacting Panda Luxury Homes!
TO SET UP A VIEWING OR FOR INQUIRIES CONTACT:
Jane Zhang via janezhang @pandaluxuryhomes.com
TO VIEW THIS PROPERTY:TEXT OR CALL
show contact info
DESCRIPTION
Welcome to this beautiful family home located in the most Desirable Marpole neighbourhood with excellent school catchments! This home offers approximately 2966 sq ft of living space with 4 bedrooms, 3 bathrooms, an office and a large private backyard. This home features a nice and spacious living room, a beautiful kitchen with an Eating Area & a lot of storage space throughout. Close to shopping, recreation, parks & golf courses etc. Book your private showings now!
The tenant is responsible for the electricity, natural gas and internet fees. The tenant is responsible for gardening and ensuring snow removal.
Pets need approval
HOME FEATURES & AMENITIES
Car Garage
BRIGHT INSIDE
INSUITE LAUNDRY
FUNCTIONING LAYOUT
NEIGHBORHOOD FEATURES & PROXIMITY TO CONVENIENCES
CLOSE TO RESTAURANTS
SKYTRAIN STATION NEARBY
ENTERTAINMENT BY AS CINEMA
GROCERY STORE NEARBY
To see other available Panda Luxury homes please click;
https pandaluxuryhomes com"
4000,5.0,3.0,,106,city of vancouver,"Approx map: 49.155100, -122.912400","Approx map: 49.155100, -122.912400",49.1551,-122.9124,craigslist_van,7930015480,craigslist_van:7930015480,https://vancouver.craigslist.org/van/apa/d/delta-northeast-bedroom-bathroom-home/7930015480.html,"5-bedroom, 3-bathroom home located Delta","Welcome to this spacious and well-maintained 5-bedroom, 3-bathroom home located in a quiet, family-friendly neighborhood of North Delta. Offering approximately 2,050 sqft of living space, this home is ideal for a growing family seeking comfort and convenience.
Property Features:
5 Bedrooms
3 Full Bathrooms
Approx. 2,050 Sqft
Bright and spacious living & dining areas
Functional kitchen with ample cabinet space
Large windows with plenty of natural light
Private yard
Parking available
Rental Terms:
$4,000 per month
Security Deposit: Half month rent
Minimum 1-year lease
No Pets
No Smoking
Credit Check Required
Reference Check Required
Tenant Insurance Required
Conveniently located close to schools, parks, shopping, and transit with easy access to major routes.
Interested applicants, please provide:
Number of occupants
Employment information
Desired move-in date"
5000,5.0,,,,Campbell River,"mclean, campbell river, BC V9W2M6","mclean, campbell river, BC V9W2M6",50.007511,-125.238192,craigslist_van,7936090720,craigslist_van:7936090720,https://vancouver.craigslist.org/van/apa/d/campbell-river-stunning-large-home/7936090720.html,Stunning Large Home (5600sqft) located in a cul-de-sac,"IN THE REPLY ADD YOUR EMAIL ADDRESS TO RECEIVE AN APPLICATION
-Stunning views for the moment you walk in the double front door entrance
-5 bed 5 bath
- open main floor
- granite countertops
- solid wood cabinetry
- custom built ins
- solid hard wood flooring
- heated flooring
- river rock fireplace
- large family room downstairs that includes the pool table
- home office
- tons of storage
To many amazing features to list
NO PETS"
5800,4.0,2.5,,56,Vancouver,"Approx map: 49.215600, -123.097900","Approx map: 49.215600, -123.097900",49.2156,-123.0979,craigslist_van,7934383313,craigslist_van:7934383313,https://vancouver.craigslist.org/van/apa/d/vancouver-marpole-oakridge-townhouse/7934383313.html,Marpole Oakridge Townhouse 4 bdr 2.5 baths plus 1 den available now,"Address: 7545 Yukon Street, Vancouver West, BC V5X 2Y4
!!!TEXT Michael Liu's office @
show contact info
to book a showing! PLEASE read the ad and provide the following information so we can arrange showings as soon as possible:
-Number of occupants and any pets
-Desired Move-in Date
-Credit score good? And if occupants are working:
Summary:
-4 Bedrooms + Den
-2.5 Bathrooms (2 full + 1 half)
-1,618 sq.ft.
-2 EV parking stalls in underground garage
-Huge storage locker included
-Gas,Electricity and Internet not included
This 2021-built three-storey townhouse is an end unit located in the desirable Yukon Residence within the Marpole area of Vancouver West. The home features 9-foot ceilings and expansive windows on the south, east, and west sides, providing exceptional natural light. Residents can enjoy direct views of Winona Park and its beautiful cherry trees. The interior is equipped with a central air conditioning system and a heat pump to ensure year-round comfort, along with a spacious kitchen island and in-suite laundry.
The property is situated in a quiet yet highly convenient neighborhood, just steps away from public transit and school bus stops. It is located near Langara College, Langara Golf Course, and the Marine Gateway Shopping Centre, which includes T&T Supermarket. The unit is within the catchment area for J.W. Sexsmith Elementary and Sir Winston Churchill Secondary.
No pets; no smoking. 1 year term minimum. Available NOW. Tenant is responsible for tenant insurance and any applicable move-in/out fees.
Disclaimer: The above information, while deemed to be correct, is not guaranteed. All terms are governed by the contract. Suites may be not furnished as depicted in photos. Images and views are for illustrative purposes only and may not represent the actual unit.
Amenities:
Parking included
Storage included
Dishwasher
Fridge
Microwave
Oven
Stove Top
In Suite Dryer
In Suite Washer
Air Conditioning
Heat
Water
About the Building:
Address: 7545 Yukon St
Neighborhood: Marpole"
2999,4.0,,,55,East Vancouver,"6th Avenue, Vancouver, BC V5N5C7","6th Avenue, Vancouver, BC V5N5C7",49.2551,-123.0667,craigslist_van,7934720914,craigslist_van:7934720914,https://vancouver.craigslist.org/van/apa/d/vancouver-bedroom-east-vancouver/7934720914.html,4 Bedroom East Vancouver,"Four bedroom in East Vancouver. Transit and amenities all very close.  Four person maximum occupancy.
NO PETS. NO SMOKING."
6500,5.0,,,27,Dunbar,"3715 W 20th Avenue, vancouver, BC V6S1E9","3715 W 20th Avenue, vancouver, BC V6S1E9",49.254692,-123.186805,craigslist_van,7935460890,craigslist_van:7935460890,https://vancouver.craigslist.org/van/apa/d/vancouver-dunbar-near-ubc-lord-byng/7935460890.html,Dunbar Near UBC & Lord Byng Secondary 5B2B house available now,"Description:
Beautiful and spacious house located at Dunbar+ W 20th Ave. This property offers ultimate flexibility for living arrangements, featuring separate entrances and independent kitchens on both levels. Perfect for multi-generational families, professional groups, or responsible students looking for a premium location.
✨ Property Features:
Flexible Living Setup: The house features 2 independent living units with separate entrances, offering complete privacy.
Two Full Kitchens: Equipped with two fully functional kitchens (one upstairs, one downstairs).
Location: Quiet, safe, and tree-lined street in Vancouver West, yet steps away from transit, boutique shops, cafes, and parks along Dunbar St and W 4th/10th Ave.
🎓 Unbeatable School Catchment & Proximity to UBC:
University of British Columbia (UBC): Just a short drive or direct bus ride (approx. 5-10 mins)—ideal for UBC students and faculty.
Secondary School: Located within the prestigious Lord Byng Secondary catchment.
Elementary School: Catchment for Queen Elizabeth Elementary.
💰 Flexible Rental Options & Pricing:
We offer the flexibility to rent the entire property as one cohesive home, or as two completely separate private suites:
Option A: Entire House (Full Single Family Home)
Rent: $6,500 / month
Perfect for large families or groups who want the luxury of the whole property, including two kitchens and ample living space.
Option B: Upstairs Suite Only
Rent: $4,500 / month
Features its own private entrance, full kitchen, spacious bedrooms, and bright living areas with beautiful natural light.
Option C: Downstairs Suite Only
Rent: $3,000 / month
Fully private with a separate entrance and its own kitchen—cozy, functional, and highly affordable for the West Side.
Rental Terms & Requirements:
Available: Move-in ready.
Lease Term: Minimum 1-year lease required.
Restrictions: No smoking, no drugs, pets negotiable (subject to approval).
Requirements:
- Extensive Background Check including the Requirement of 2 Pay Stubs
- Complete Credit Check
- References Required
- Minimum One Year Lease which converts to Month to Month at the end of the Lease period.
- Damage Deposit is half Month's Rent.
- Tenant insurance required
If you are interested, please reply to this post with some general information such as:
1. Who would be occupying the suite
2. When you would like to start the tenancy
3. Your employer, net monthly income
4. If you are a smoker, your hobbies
5. The best phone number to reach you at (our clients need this information to consider all serious applications)."
6500,6.0,,,37,MacKenzie Heights,"5030 BLENHEIM STREET, vancouver, BC V6N1N5","5030 BLENHEIM STREET, vancouver, BC V6N1N5",49.241158,-123.178648,craigslist_van,7935458345,craigslist_van:7935458345,https://vancouver.craigslist.org/van/apa/d/vancouver-mackenzie-heights-6b3b-house/7935458345.html,MacKenzie Heights 6B3B house available on June.01,"This home features three bedrooms upstairs and one on the main floor, with a full basement. It boasts a bright east-facing backyard in a friendly neighbourhood, close to all the best Dunbar has to offer. Great school catchment: Point Grey Secondary and Kerrisdale Elementary, with a quick drive to St. George's & Crofton House. Recent renovations include new roof in 2016, painting, vinyl flooring, and baseboards. The kitchen has been updated with new cabinets, countertops, sinks, & drainage pipes. All plumbing throughout the house has been replaced. Additionally, the furnace & washing machine replaced, and new drywall was installed outside the boiler room etc.
Available on June 1st. 2026
Lease: Minimum a year
Pets allowed with half month pets deposit
Rent:$6500 excluding utilities
Requirements:
- Extensive Background Check including the Requirement of 2 Pay Stubs
- Complete Credit Check
- References Required
- Minimum One Year Lease which converts to Month to Month at the end of the Lease period.
- Damage Deposit is half Month's Rent.
- Tenant insurance required
If you are interested, please reply to this post with some general information such as:
1. Who would be occupying the suite
2. When you would like to start the tenancy
3. Your employer, net monthly income
4. If you are a smoker, your hobbies
5. The best phone number to reach you at (our clients need this information to consider all serious applications)."
4800,5.0,3.0,,86,Burnaby,"Approx map: 49.264000, -122.936900","Approx map: 49.264000, -122.936900",49.264,-122.9369,craigslist_van,7936042885,craigslist_van:7936042885,https://vancouver.craigslist.org/van/apa/d/burnaby-burnaby-government-road-large/7936042885.html,Burnaby Government Road Large 5Bd/3Ba Single Family House,"More Listing Available at
: https://sincerealty.ca/en/offers/for-rent/
Address:
3xx9 Lynndale Cres, Burnaby, BC V5A 3S4
PROPERTY DETAILS:
- Status: Available Now! Unfurnished!
- Rent: $ 4800 + Utility
- Property Type: House
- Floor Area: 2478 sq.ft.
- Bedroom(s): 5
- Bathroom(s): 3
- Parking: 2
- Appliances: ClthWsh/Dryr/Frdg/Stve/
PROPERTY DESCRIPTION:
3xx9 Lynndale Cres boasts a spacious 2,468 square feet of living space nestled on a generous 0.31-acre lot.  This well-appointed residence features 5 bedrooms and 3 bathrooms, providing ample space for comfortable living.
One of its most noteworthy attributes is its exceptional location.  Situated just minutes away from reputable schools, a scenic golf course, the convenience of a nearby Costco, and the natural beauty of local parks, this home offers a harmonious blend of convenience and leisure for your daily life.
Make this property your ideal haven, where space, comfort, and prime location converge to create the perfect setting for your family's lifestyle.
RENTAL TERMS:
-References and credit/EMPLOYMENT check are required.
- Minimum 1-year lease term required
- 1/2 month's rent for security deposit
- Tenant Insurance required
- No Smoking
- Pet ok
Sincere Real Estate Services Ltd. -- Professional property management company!
Don't be a victim, always make sure the person who is renting the property is an Owner or the Owners Agent.
All or any measurements contained in any advertising have been obtained by a third party. All information contained within is subject to change, removal, or error and does not constitute an agreement. All advertised information must be verified by the renting party prior to entering into an agreement.
Contact Sincere Real Estate Services Ltd. to book a showing!
Dial
show contact info
Text
show contact info"
3800,4.0,,,136,"Surrey, BC","57 Ave, Surrey, BC, BC V3S8W3","57 Ave, Surrey, BC, BC V3S8W3",49.0791,-122.7553,craigslist_van,7934043714,craigslist_van:7934043714,https://vancouver.craigslist.org/van/apa/d/surrey-east-large-home-with-separate/7934043714.html,"Large Home with Separate Suite Near Schools, Parks & Shopping!","Welcome to this stunning 2-story home with a walkout basement, ideally located across from Panorama Village Park. This bright and spacious residence offers 4 bedrooms, 4 bathrooms, and 2 laundries, perfect for families seeking comfort and convenience.
The main level boasts an inviting living room with a cozy gas fireplace, a generous dining area, and a modern kitchen with a sitting nook that opens to a private deck—ideal for morning coffee or evening gatherings. Upstairs, you’ll find 3 spacious bedrooms, 2 full baths, and a convenient laundry area.
The fully finished walkout basement features a self-contained 1-bedroom suite complete with a living area, kitchen, full bathroom, and separate laundry—perfect as a mortgage helper or in-law suite.
Enjoy mountain views, ample parking with a covered garage and extra spaces, and a location that truly has it all—steps to Panorama Shopping Centre, YMCA, schools, restaurants, and transit. Nearby parks include Goldstone Park and Sullivan Heights Park.
Don’t miss this opportunity to rent a well-maintained home in one of Surrey’s most desirable communities!
Schools Nearby:
– Cambridge Elementary School (0.8 km)
– Sullivan Heights Secondary School (1.4 km)
Book your Showing Today!
For more information or to schedule a viewing, please contact:
Lease-Up Agent Natalia Garbuzova –
show contact info
(text only please)
Real Estate Licensee Oksana Hardash:
show contact info
/
show contact info
(Call/text)
First Stay Realty Inc.
*******
Disclaimer: Although we endeavor to maintain accurate information, we cannot guarantee its completeness or suitability for specific purposes. Your reliance on such information is entirely at your discretion and risk. It is advisable to independently verify crucial details and conduct thorough due diligence before finalizing any rental agreement."
4600,4.0,,,73,Vancouver,"Seaforth Dr, Vancouver, BC V5M4C5","Seaforth Dr, Vancouver, BC V5M4C5",49.253145,-123.033746,craigslist_van,7934273760,craigslist_van:7934273760,https://vancouver.craigslist.org/van/apa/d/vancouver-spacious-bed-home-in-renfrew/7934273760.html,Spacious 4 Bed Home in Renfrew Heights – City & Mountain Views!,"Welcome to this beautifully maintained family home in the highly sought-after Renfrew Heights neighborhood! This spacious 4-bedroom, 3-bathroom residence offers a bright and functional layout with two separate living areas, modern finishes, and stunning city and mountain views throughout.
The main floor features a grand entrance leading into open-concept living and dining spaces filled with natural light from oversized windows. Enjoy two cozy fireplaces and a gourmet kitchen complete with quality cabinetry, ample counter space, and sliding doors opening to a private backyard—perfect for entertaining, relaxing, or family gatherings.
Upstairs offers four generously sized bedrooms, including a spacious primary suite with ample closet space and a private ensuite bathroom. Designed with comfort and functionality in mind, this home is ideal for growing families looking for space in a prime Vancouver location.
Situated on a quiet residential street, yet just minutes from parks, schools, restaurants, grocery stores, and community centres. Enjoy easy access to transit and major routes for convenient commuting across Vancouver.
✔  4 Bedrooms | 3 Bathrooms
✔  Two spacious living areas
✔  City & mountain views
✔  Private backyard
✔  Quiet, family-friendly neighborhood
Schedule your private viewing—homes in Renfrew Heights are rarely available!
For more information or to schedule a viewing, please contact:
Lease-Up Agent Natalia Garbuzova –
show contact info
(text only, please)
Real Estate Licensee Oksana Hardash:
show contact info
/
show contact info
(Call/text)
First Stay Realty Inc.
*************
Disclaimer: Although we endeavor to maintain accurate information, we cannot guarantee its completeness or suitability for specific purposes. Your reliance on such information is entirely at your discretion and risk. It is advisable to independently verify crucial details and conduct thorough due diligence before finalizing any rental agreement."
3950,5.0,,,31,Dunbar near Crown/41st,"Approx map: 49.230200, -123.189000","Approx map: 49.230200, -123.189000",49.2302,-123.189,craigslist_van,7934709701,craigslist_van:7934709701,https://vancouver.craigslist.org/van/apa/d/vancouver-avail-june-1st-lrg-lwr-level/7934709701.html,Avail June 1st lrg lwr. level furn.. suite clse to UBC/Dunbar,"Available June 1st FIFA ? or  for 3 or 12 months only-UBC area-We are offering a rental on spacious full height lower level fully furnished 5 bedroom suite *(so 5 occupants only please). Each room comes complete with double beds *(includes linens) desk chairs, dressers, night stands, lights,close or armoire etc) The livingroom is very spacious with 3 couches and a breakfast bar pass through from the kitchen, lots of windows, coin operated laundry and *(limited) street parking. There is a covered patio area and a separate stand alone bike shed.
All pots and pans and plateware can be provided. Maximum four to  five occupants please. No pets and not smoking. Must provide good references.
Approximately 25-30 minutes to Ubc. Close to Dunbar and 41st area which has a Save on Foods and other shops and the two neighborhoods of Dunbar and Kerrisdale. NOT a party house, renter must be tidy and follow a weekly chore list, quiet safe, neighborhood.
Please tell us more about yourself and your group.
Rent is $3950 per month plus a share of utilities but includes shared broadband 1000 internet and all furnishings.
Thanks :) No pets, prefer non smokers)"
2700,8.0,,,32,Shaughnessy,"Approx map: 49.257500, -123.138800","Approx map: 49.257500, -123.138800",49.2575,-123.1388,craigslist_van,7931923778,craigslist_van:7931923778,https://vancouver.craigslist.org/van/apa/d/vancouver-master-suite-in-mansion-live/7931923778.html,Master Suite in Mansion - Live with Like-Minded People!,"If you’re a positive person who wants to share a beautiful space with like-minded people... keep reading!
We're a group of career-focused professionals with diverse backgrounds. Our home consists of business owners, software engineers, and a little bit of everything else! We’re a relatively quiet household and do not host parties. Everyone here values cleanliness, positive energy, and mutual respect - we’d love to find someone who can relate!
Available July 1st is the 600 sq ft furnished master bedroom, featuring a private ensuite bathroom with heated floors, a jacuzzi, and a walk-in closet!
The mansion itself is 9,500 sq ft, with 8 bedrooms and 8 bathrooms, sitting on a 1-acre property in Shaughnessy.
It’s a vibrant home with plenty of amenities. The home is large enough that you'll always be able to find empty rooms if you want alone time, or you can head to the kitchen where there's usually someone hanging out. The property also has a gym with a sauna and a cold plunge!
We’re within walking distance to shops, groceries, and cafés, with a Granville Street bus stop right outside the house.
Rent is $2700/month, and it includes everything: utilities, weekly cleaners, and high-speed Wi-Fi.
If this sounds like the right fit, I’d love to hear from you!"
5700,4.0,,,30,vancouver,"Carnarvon St, Vancouver, BC V6L1L1","Carnarvon St, Vancouver, BC V6L1L1",49.254624,-123.172878,craigslist_van,7935512308,craigslist_van:7935512308,https://vancouver.craigslist.org/van/apa/d/vancouver-bedrooms-duplex-in-arbutus/7935512308.html,4 bedrooms Duplex in Arbutus (Dunbar UBC Point Grey) (vancouver),"Duplex built in 2020, upper level in Dunbar community 21st Ave and Carnarvon
4 bedrooms, 3 full bathrooms
• Close to Dunbar community centre, library, cinema, TD, BMO, Scotiabank, restaurants, starbucks
• Grocery store Safeway, Stong’s、Save on food、H-Mart、Shoppers、London drug convenient location
• Carnarvon Elementary, PW secondary, private school St .George's, Lord Byng, UBC
• 25, 7, 33, 10min to UBC and connect to Skystrain
No smoking, no pet, no party
Appointment for viewing"
6250,4.0,,,28,"Vancouver, Dunbar, Point Grey, Kitsilano, UBC, Westside","w 18th ave, Vancouver, BC V6S1A7","w 18th ave, Vancouver, BC V6S1A7",49.256447,-123.181136,craigslist_van,7926826575,craigslist_van:7926826575,https://vancouver.craigslist.org/van/apa/d/vancouver-unique-year-rental/7926826575.html,Unique 1 year rental opportunity:  4 bdrm View house in Dunbar,"Available Sept 1. Beautiful, family-friendly, FULLY FURNISHED 4-bedroom, 2-bathroom home located in the highly sought-after Dunbar/Point Grey/Kitsilano neighborhood on Vancouver’s Westside, just minutes from UBC.
This charming character home offers breathtaking views of the water, downtown skyline, and North Shore mountains. The main floor features an open-concept layout with a bright living room, dining area, and a spacious, fully equipped kitchen. French doors open onto a sunny, south-facing back balcony—perfect for relaxing or entertaining. This level also includes a bedroom with a pull-out sofa bed and a full bathroom.
Upstairs, you’ll find three additional bedrooms, including a primary bedroom with a private balcony and stunning views. The upper level also features a newly renovated bathroom with a modern walk-in shower.
Additional highlights include a fully fenced backyard and convenient access to public transit (bus stop just one block away). Ideally situated close to beaches, UBC, downtown Vancouver, and the airport.  School catchments: Lord Byng High school and Kitchener elementary.
Rental Details:
•	$6,250 per month plus utilities
•	Fully furnished
•	No pets
•	No smoking of any kind
•	Fixed-term lease: Available September 1, 2026 to June, July, or end of August 2027
•	Start date is firm; tenancy must end no later than August 31, 2027 (owners returning from sabbatical)
For inquiries, please text or call DN at
show contact info
."
5199,5.0,,,48,Vancouver West –Marpole Oakridge,"W62 Ave, Vancouver, BC V6X2E4","W62 Ave, Vancouver, BC V6X2E4",49.213985,-123.11567,craigslist_van,7929517213,craigslist_van:7929517213,https://vancouver.craigslist.org/van/apa/d/vancouver-executive-spacious-family/7929517213.html,Executive & Spacious Family Home Vancouver West Side,"Unfurnished. Furniture on PHOTOS STAGE ONLY!
There is a self-contained basement suite not included; it has been rented to a tenant separately.
Immaculate, well-built spacious house in Marpole Oakridge Community. This spacious 5 bed home is bathed in natural light and perfect for entertaining w/ very large room sizes, 3 full baths. Fresh painting newer hardwood floors. Sunny backyard and patio.
* Executive & Immaculate kept Family House, 3,044 sqt living area, 6,637sqt lot size
* 5 Spacious Bedrooms and 1 big office, 3 Full Bathrooms, all in great conditions.
(There is a self-contained basement suite not included; it has been rented to a tenant separately)
* A Fully Fenced Lovely Private Back Yard ;
*Monthly Rent: $5,199
*Contract: At Least One Year Lease
*Features: ClthWsh/Dryr/Frdg/Stve/DW, Drapes/Window Coverings, Microwave
*No Pet; No Smoking
*Parking: Double garage
*Available: Immediately
*Location: W 62 cross Cambie St, Vancouver West
**CREDIT CHECK WILL BE DONE**
If Interested Please Contact Macdonald Commercial RES Ltd. Licensed Property Manager Lily Tang at
show contact info
with SPECIFIC PROPERTY INFO(like location information shown above) or email for View.
Disclaimer: This advertisement is for informational purposes only and does not constitute a binding offer. All details, including rent, utilities, furnishings, and availability, are subject to verification and may change without prior notice. Any tenancy will be governed solely by the terms and conditions of a written Residential Tenancy Agreement in accordance with the Residential Tenancy Act of British Columbia."
4500,4.0,,,43,Vancouver,"Approx map: 49.249200, -123.110400","Approx map: 49.249200, -123.110400",49.2492,-123.1104,craigslist_van,7935289379,craigslist_van:7935289379,https://vancouver.craigslist.org/van/apa/d/vancouver-month-free-for-12-months/7935289379.html,1 month free for 12 months lease 4 bedroom house in Oakridge area,"+++ 82 W 45th Avenue, Vancouver, V5Y 2V9 +++ NEW Fridge, Stove, Washer and Dryer
4 Bed | 2 Bath Upper-Level Home in Prime Oakridge Location
Well-maintained 4-bedroom, 2-bathroom upper-level home situated on a quiet residential street in the highly desirable Oakridge neighborhood. Functional layout with generous living space, ideal for families seeking stability and convenience.
Key Features
•	4 full bedrooms with practical layout
•	Bright interior with ample natural light
•	Brand new appliances including stove, fridge, washer, and dryer
•	Shared laundry
•	Private front yard
•	Quiet, family-friendly street
•	Some photos include virtual staging
Important
•	This is for the upper level of the house and one bedroom in the ground floor only (not the entire property)
Location Highlights
•	Walking distance to Canada Line SkyTrain
•	Minutes to Oakridge Park redevelopment, shopping, and dining
•	Close to parks, Langara College, and major transit routes
School Catchment
•	Sir William Van Horne Elementary
•	Eric Hamber Secondary
•	Sir Winston Churchill Secondary (French Immersion)
Lease Details
•	Rent: $4,500/month
•	Minimum 12-month lease
•	Incentive: 1 month free rent (applied to the 12th month of a full-term lease)
Utilities
•	Tenant responsible for Hydro, Gas, and Internet
•	Utilities shared with ground floor 1 bedroom tenant based on number of occupants
Requirements
•	References and credit check required
•	Suitable for responsible, long-term tenants
Please include a brief introduction when inquiring (number of occupants, employment, reason for moving).
++Viewings by appointment only through property manager++"
1000,6.0,,,43,Vancouver,"1842 W 63rd Ave, Vancouver, BC V6P2J1","1842 W 63rd Ave, Vancouver, BC V6P2J1",49.214136,-123.149657,craigslist_van,7934784292,craigslist_van:7934784292,https://vancouver.craigslist.org/van/apa/d/vancouver-furnished-room-for-rent-in/7934784292.html,A Furnished Room for Rent in Vancouver,"A Furnished Room for Rent in Vancouver
This is a great place for a student or a working professional who is looking for the right accommodation. This house is located in South Granville, near Granville St, one of the most prestigious and safest neighbourhoods in Vancouver. It has an easy access to downtown and Richmond, close to YVR Airport, just one minute walk from a bus stop.
The house is fully furnished. The room is bright and is located on the second floor and the bathroom is shared between three roommates.
Restaurants and cafes are a short walk away. All the special cuisines are available in the area.
No Pets
No Smoking"
1100,6.0,,,25,Vancouver,"3550 W 39th Ave, Vancouver, BC V6N3A5","3550 W 39th Ave, Vancouver, BC V6N3A5",49.236439,-123.182017,craigslist_van,7934781399,craigslist_van:7934781399,https://vancouver.craigslist.org/van/apa/d/vancouver-furnished-room-for-rent-in/7934781399.html,A Furnished Room for Rent in Vancouver,"A Furnished Room for Rent in Vancouver
This is a great place for a student or a working professional who is looking for the right accommodation. This house is located near Dunbar St, at South Granville, one of the most prestigious and safest neighbourhoods in Vancouver. It has an easy access to downtown and UBC, just one minute walk from a bus stop. It's 20 minutes to UBC by bus.
The 6 beds 2 baths unit is fully furnished. The room is bright, located on the Second floor and the bathroom is shared between three roommates.
Restaurants and cafes are a short walk away. All the special cuisines are available in the area.
No Pets
No Smoking"
1000,6.0,,,24,Vancouver,"3853 W 15th Ave, Vancouver, BC V6R3A1","3853 W 15th Ave, Vancouver, BC V6R3A1",49.258983,-123.189572,craigslist_van,7934779794,craigslist_van:7934779794,https://vancouver.craigslist.org/van/apa/d/vancouver-furnished-room-for-rent-in/7934779794.html,A Furnished Room for Rent in Vancouver,"A Furnished Room for Rent in Vancouver
This is a great place for a student or a working professional who is looking for the right accommodation. This house is located in Point Grey, near Kitsilano one of the most prestigious and safest neighbourhoods in Vancouver. It has an easy access to downtown and UBC, just one minute walk from a bus stop. It's 15 minutes to UBC by bus.
The house is fully furnished. The room is bright and is located on the second floor and the bathroom is shared between three roommates.
Restaurants and cafes are a short walk away. All the special cuisines are available in the area.
No Pets
No Smoking"
1000,4.0,,,30,Alma st and W 10th AVE,"Alma st, VANCOUVER, BC V6X0C3","Alma st, VANCOUVER, BC V6X0C3",49.272873,-123.185555,craigslist_van,7927725239,craigslist_van:7927725239,https://vancouver.craigslist.org/van/apa/d/vancouver-one-bedroom-available-now-in/7927725239.html,one bedroom available now in basement CLOSE TO UBC,"7–10 minutes TO UBC, surrounded by local cafés,
restaurants, takeout spots, and grocery stores like No Frills and Safeway. Banks, pharmacies,
and other daily essentials are close by.
a
Available NOW
$1000-1200/Month  utilities anf wifi included.
One year lease minimum, credit check and reference required.
No pets and non-smoker, No drugs.
Could you please introduce yourself."
3100,4.0,3.5,,63,Vancouver,"Approx map: 49.223200, -123.043400","Approx map: 49.223200, -123.043400",49.2232,-123.0434,craigslist_van,7933972358,craigslist_van:7933972358,https://vancouver.craigslist.org/van/apa/d/vancouver-new-built-bed-35-bath-laneway/7933972358.html,New Built 4 Bed 3.5 Bath Laneway at E45th,"New built air conditioning 3 Bed 3.5 bath 1 Den ( can be 4th bedroom) laneway at E45 and Victoria Dr.., 4 bed 3.5 bath. Come with EV charger.
Rent: $3100 /3 people, extra people $100/pax, tenants to pay the electricity and wifi. share water fee
Steps to Victoria Dr shopping and cafe and no 20，R4, 430 or 49 bus to downtown, Metrotown or Richmond. Super convenient location. No pet no smoking. Max 4 people
1 year lease minimum"
3300,4.0,,,72,Hastings Sunrise,"Nanaimo, Vancouver, BC V5K2Y4","Nanaimo, Vancouver, BC V5K2Y4",49.273283,-123.056581,craigslist_van,7928323538,craigslist_van:7928323538,https://vancouver.craigslist.org/van/apa/d/vancouver-br-house-east-vancouver-great/7928323538.html,4 BR HOUSE-East Vancouver Great Location,"Spacious two-level 4 bedroom available in a nice desirable neighbourhood located just blocks away from The East Village on Hastings Street. One block west of Nanaimo Street is Grandview Woodland so you have the best of both worlds.
-Large front deck facing north
-Can also be a 3 bedroom plus den
-Hasting and Nanaimo is only a 10 min walk to groceries, cafes, bakeries, restaurants, London drugs, etc.
-Adanac bike route three blocks away
-Walk to Templeton Pool, Britannia Pool and New Brighton Pool (outdoors)
-Hastings Community Centre nearby
-Tennis courts, basketball courts, track, parks and the Empire Fields are close by
-City centre is 15 minutes by car
-Easy access to the north shore
-Transit #7 bus 1.5 blocks away on Nanaimo Street (to skytrain or downtown)
-Transit buses R5, N35 night bus, #14, #16 are a 10 min walk
-Ground level suite not available
-NO PETS
-NO Smoking of any kind and no vaping
-Four people max please
-References required
-Call or text
show contact info"
1200,4.0,,,43,Vancouver West,"SW Marine Drive, Vancouver, BC V6N1Y4","SW Marine Drive, Vancouver, BC V6N1Y4",49.23475,-123.194332,craigslist_van,7927399350,craigslist_van:7927399350,https://vancouver.craigslist.org/van/apa/d/vancouver-bedroom-suite-near-ubc/7927399350.html,4-bedroom suite near UBC,"Vancouver west 4-bedroom 3-bathroom student housing. Renovated. Furnished. $1200/month/room. Utilities WIFI included. Please WhatsApp
show contact info"
1150,4.0,2.0,,21,Vancouver West,"Approx map: 49.234727, -123.194675","Approx map: 49.234727, -123.194675",49.234727,-123.194675,craigslist_van,7927399279,craigslist_van:7927399279,https://vancouver.craigslist.org/van/apa/d/vancouver-bedroom-bathroom-student/7927399279.html,4-bedroom 2-bathroom student housing,"4-bedroom 2-bathroom student housing, close to UBC, V6N1Y4, furnished. $1150/room/month, Utilities WIFI included. UBC student welcome. Please WhatsApp ‪
show contact info"
3913,4.0,,,38,Vancouver,"122 Walter Hardwick Ave, vancouver, BC V5Y0C9","122 Walter Hardwick Ave, vancouver, BC V5Y0C9",49.270989,-123.105881,craigslist_van,7930518372,craigslist_van:7930518372,https://vancouver.craigslist.org/van/apa/d/vancouver-br-unit-for-rent/7930518372.html,$3913.00 / 4BR Unit for Rent,"We have a 4 Bedroom Suite available in S.U.C.C.E.S.S. Affordable Housing Society (SAHS) in ""The Village"" (formerly the Olympic Village) on False Creek.
Rent is $3913.00 per month, in addition to the rent - you are responsible for your costs of monthly metered consumption of heat, hot and cold water usage, billed monthly via meter consumption.
This unit includes:
- Common area pay per use laundry room with washers and dryers
- With a pet deposit tenants can have one cat or one dog (with breed restrictions)
-Laundry and access to a shared laundry room
-A dishwasher
-Parking stall assigned for $75
A bit about our tenancies at this property:
• 100% non-smoking suites
• Pet friendly, family-oriented building
• Each application is required to meet eligibility standards that will require disclosure of household income and assets and include a credit check. Please note: if you own a home or a condo, or have significant assets/investments, you would be excluded from eligibility.
• We abide by The Canadian Occupancy Standards.
• Environmentally and sustainably designed building: all toilets are on a cistern rainwater harvesting system
• Amenity spaces: we have a community room that tenants can book -- free of charge -- and a roof top, food producing garden patio to enjoy
• This is a LEED certified building where the design of the building is to reduce global climate change, protect water resources, build a green and sustainable community.
**** ROOMMATES ARE NOT ELIGIBLE. ****
We show suites by appointment only, Monday-Friday between 9:00 AM and 3:30 PM. Please respond to this advertisement by email and include a bit about you and how you would fit in with the community in Olympic Village. We would like to thank you in advance for your interest. Respectfully, we receive a large volume of applicants and are unable to respond to all emails. Please note that we do not receive phone calls. We receive applicants on a first come first serve basis for all of our Rental Units.
Located along the seawall, which connects you to TELUS World of Science and into the Chinatown/ Stadium areas, our thriving neighborhood features many nearby conveniences and amenities, including shopping on Cambie, Creekside Community Center, Save on Foods Grocery, London Drugs, Medical/Dental Office, all major Banks, Liquor Store, The Village (Dry) Cleaners, Water Ferry to Rogers Arena, B.C. Place and Granville Island, and numerous coffee shops and fabulous eateries. Sky train and bus routes are within a 5-minute walk. Please refer to Walkscore https://www.walkscore.com/score/122-walter-hardwick-ave-vancouver-bc-canada
post id:
show contact info
posted: 3 months ago updated: abou"
4700,4.0,,,44,city of vancouver,"Approx map: 49.215100, -123.139600","Approx map: 49.215100, -123.139600",49.2151,-123.1396,craigslist_van,7930221460,craigslist_van:7930221460,https://vancouver.craigslist.org/van/apa/d/vancouver-vancouver-west-oak-street/7930221460.html,Vancouver West Oak Street 4 Bedrooms Townhouse,"Vancouver West Oak Street 4BR Townhome
4 bedroom + den townhome for rent near Oak Street and West 59th Avenue in Vancouver.
This multi-level home offers approximately 1,327 sq ft of living space with a private entrance. The layout is suitable for families or those needing extra rooms for work or study.
Home features:
4 bedrooms
2 bathrooms
1 den
Approx. 1,327 sq ft
Private entrance
Modern kitchen with quartz countertops
Stainless steel appliances
Laminate flooring
In-suite laundry
Convenient location close to parks, grocery stores, restaurants, and public transit.
Nearby schools include:
Sir Wilfred Laurier Elementary School
Sir Winston Churchill Secondary School
Rental details:
Available: May 31, 2026
Rent: $5,000 per month
Gas and water included
Electricity and internet not included
Unfurnished
Pets considered
No smoking
If interested, please reply with:
Contact phone number
Number of occupants
Desired move-in date
Expected length of stay
Preferred viewing time
Brief description of your work or situation
Thank you."
3800,4.0,3.5,,122,South Surrey,"Approx map: 49.043016, -122.769599","Approx map: 49.043016, -122.769599",49.043016,-122.769599,craigslist_van,7934253594,craigslist_van:7934253594,https://vancouver.craigslist.org/van/apa/d/surrey-offer-soho-rare-furnished-br-35/7934253594.html,🏢 Offer: SOHO // RARE furnished 4 BR + 3.5 Bath Townhouse (1932 sqf),"---------------------------------------------------------------------------------------------------------
PLEASE READ:
📲 CALL/TEXT/EMAIL TO SCHEDULE A VIEWING
📲 PLEASE SEND A SELF INTRODUCTION (OR THERE WON’T BE A REPLY)
📲 PLEASE INCLUDE YOUR CONTACT DETAILS
🐾PETS: NOT ALLOWED
🌿SMOKING: NO
---------------------------------------------------------------------------------------------------------
📆Available June 01, 2026 | Min. 1 Year Lease
🏢 Offer: SOHO // RARE furnished 4 BR + 3.5 Bath Townhouse (1932 sqf)
📐 size: 1932 sqf
🌇 Balcony + LARGE Rooftop Patio
🪑 furnished
🛏 4 bedrooms
🛁3.5 bathroom
🍜 gourmet kitchen with high-end appliances
✅ washer + dryer in-suite
✅ heating
📍 side-by-side double garage
---------------------------------------------------------------------------------------------------------
🏢 Amenities:
Amenities:
Club House,
Exercise Centre,
Garden,
Playground,
Recreation Center,
Sauna/Steam Room,
Storage
---------------------------------------------------------------------------------------------------------
💵Rent: $3800/month
✅Internet: NOT included
✅Utilities
BC HYDRO (electrity): NOT included
FORTIS BC (gas): NOT included
WATER: included
💵Security deposit: ½ month rent"
1400,4.0,,,22,Vancouver Dunbar,"3636 marine dr, Vancouver, BC V6N3Z4","3636 marine dr, Vancouver, BC V6N3Z4",49.2306,-123.1854,craigslist_van,7935813253,craigslist_van:7935813253,https://vancouver.craigslist.org/van/apa/d/vancouver-dunbar-near-ubc-furnished/7935813253.html,Dunbar near UBC furnished Master bedroom with bathroom for rent,"Dunbar house with beautiful big back yard top floor suite Master Bedroom with own bathroom for rent
Currently furnished
Utilities and wifi include
One min walk to UBC bus stops and 5 mins walk Save On Food supermarket & H mart supermarkets
Walk to park and golf course
No pet No smoking house
Long term lease required"
1000,4.0,,,38,Vancouver,"555 West 7th Ave, Vancouver, BC V5Z1B4","555 West 7th Ave, Vancouver, BC V5Z1B4",49.264992,-123.116211,craigslist_van,7935801864,craigslist_van:7935801864,https://vancouver.craigslist.org/van/apa/d/vancouver-penthouse-cambie-corridor/7935801864.html,Penthouse Cambie Corridor,"$1000/nightly, price upon request, available for short-term and long-term rental. Located in the highly desirable Cambie Corridor, this spacious 4 bedroom, 2 bathroom penthouse sprawling over 1,900 sqft. (all one floor) features: floor-to ceiling windows, stainless steel appliances and hardwood floors. This penthouse sits on the top floor of a 7-storey building. Steps away from City Hall Canada Line station, Whole Foods and popular Broadway restaurants and shops. Walking distance to Granville Island, Sea Wall, and South Granville. Family friendly. Enjoy being in the City without the hussle and bustle of downtown. For viewing please reply to this advertisement to schedule an appointment.
Includes:
-Master Bedroom (King size bed) with ensuite full bathroom
-2nd Bedroom (Queen size bed)
-3rd Bedroom (Queen size bed) with solarium
-4th Bedroom (Single size bed) or office
-2nd full bathroom
-In-suite washer and dryer
-Entirely air conditioned
-Fully furnished includes all bedding and lines: dinning room, living room, office/desk area, multiple sitting areas, and west facing balcony with seating and north facing balcony with unobstructed views of downtown Vancouver and Mountains
-S/S appliances
-Fridge, freezer
-Stove, oven
-Dishwasher
-Kitchen fully equipped: dishes, glassware, pots and pans
-Microwave
-Coffee Machine
-Gas heating and hot water included
-1 Parking spot in secure underground, 2nd Parking spot can be arranged"
3800,4.0,2.0,,61,Vancouver,"Approx map: 49.260000, -123.039800","Approx map: 49.260000, -123.039800",49.26,-123.0398,craigslist_van,7933390895,craigslist_van:7933390895,https://vancouver.craigslist.org/van/apa/d/vancouver-bedroom-bathroom-living-room/7933390895.html,4 bedroom 2 bathroom 2 living room,"4Bedroom 2Bath 2 living room Suite (Vancouver East)
3000Sq Ft , second floor
Location:
-10Minute walk to Save on Foods, Walmart, and Superstore
-5 Minute walk to Renfrew Skytrain Station
-8 Minute Drive to BCIT
-20 Minute Drive to SFU
-30 Minute Drive to UBC
-25 Minute Drive to Downtown Vancouver
School Catchment:
-Renfrew Elementary School
-Windermere Secondary School
-Van Tech Secondary School
-Vancouver Christian School
Gated House
No Pets
No Smoking
Laundry included within unit
Wi-Fi NotIncluded
UTILITIES NOT INCLUDED"
3950,6.0,2.5,,95,Burnaby,"7765 Allman Street, Burnaby, BC V5E2A9","7765 Allman Street, Burnaby, BC V5E2A9",49.234442,-122.951171,craigslist_van,7928453208,craigslist_van:7928453208,https://vancouver.craigslist.org/van/apa/d/burnaby-bedroom-25-bathroom-house-for/7928453208.html,6 bedroom/2.5 bathroom house for rent,"Prime South Burnaby location! Well-cared-for 6 bed, 2.5 bath home offering spacious 2,550 sq ft of living on a 11000 sq ft lot. Updates were done 5 years ago. Great for growing family (only 1 kitchen) that look for space. School catchments are lakeview elementary school and Burnaby Central High School. No smoking/ no pets.  Credit check, reference check and tenant insurance are required"
4500,4.0,,,84,Coquitlam,"101 - 914 Rochester Ave, V3K 2W6, BC V3K2W6","101 - 914 Rochester Ave, V3K 2W6, BC V3K2W6",49.2366,-122.8521,craigslist_van,7934660646,craigslist_van:7934660646,https://vancouver.craigslist.org/van/apa/d/coquitlam-spacious-bedroom-den-home/7934660646.html,Spacious 4 Bedroom + Den Home – Coquitlam,"Spacious 4 Bedroom + Den Home – Coquitlam
Well-maintained 4 bedroom + den home available on Rochester Ave in a quiet and convenient Coquitlam neighborhood. Ideal for families, students, or working professionals looking for a comfortable long-term rental.
The home offers approximately 1500 sqft of living space with a practical and functional layout.
Property Features:
• 4 bedrooms + 1 den
• 2 full bathrooms + 1 additional toilet
• 2 parking spaces available
• Air conditioning (A/C)
• Radiant heating
• Unfurnished
Convenient location with easy access to public transit, shopping, schools, parks, and daily amenities.
Clean and comfortable home in a peaceful residential area.
Please reply with a short introduction and preferred move-in date to arrange a viewing."
4200,4.0,3.0,,73,Vancouver,"2723 Turner St, Vancouver, BC V5K2G8","2723 Turner St, Vancouver, BC V5K2G8",49.279215,-123.048774,craigslist_van,7934651062,craigslist_van:7934651062,https://vancouver.craigslist.org/van/apa/d/vancouver-upper-level-bed-bath-house/7934651062.html,Upper Level 4 Bed / 3 Bath House with A/C in East Vancouver Hastings,"Upper Level 4 Bed / 3 Bath House with A/C in East Vancouver – Hastings-Sunrise
Located in the highly desirable Hastings-Sunrise neighbourhood in East Vancouver, this home offers the perfect balance of quiet residential living and everyday convenience. Just steps from Hastings Street shopping and dining, and minutes from parks, schools, and transit, this is an excellent family-friendly location with easy access to Downtown Vancouver and Burnaby.
***Located in East Vancouver – Hastings-Sunrise
***Air Conditioning Included
- Property Type: Upper Level of Detached House (Private Entrance, Separate Unit)
- Address: 2723 Turner Street, Vancouver
- Bedrooms: 4
- Bathrooms: 3
- Rent: $4,200/month
- Lease Term: Minimum 1 year
- Availability: Available Immediately
Tenant Requirements:
- Strictly No Smoking
- No Marijuana
- No Pets
- Tenants responsible for utilities (hydro, water, internet)
Features:
- Air Conditioning
- Unfurnished
- Full Kitchen Appliances Included:
- Stove
- Oven
- Refrigerator
- Dishwasher
School Catchment:
- Dr. A.R. Lord Elementary
- Templeton Secondary School
Location Highlights:
- Located in the vibrant Hastings-Sunrise neighbourhood in East Vancouver
- Close to Hastings Street shopping district with restaurants, cafés, grocery stores, banks, and daily essentials
- Only 2 blocks walking distance to Hastings Street commercial area
- Approx. 6-minute walk to Hastings Park
- Approx. 4-minute drive to New Brighton Park
- Approx. 3-minute drive to nearby elementary and secondary schools
Please include a brief introduction when booking a viewing.
Text:
show contact info
- Please provide:
- Number of occupants and relationship
- Expected move-in date
- Desired lease term
- Whether you have pets (type and quantity)
- Occupation
- Your available time for viewing
.
.
."
4500,4.0,2.0,,33,Vancouver,"5998 Larch Street, Vancouver, BC V6M4E4","5998 Larch Street, Vancouver, BC V6M4E4",49.231919,-123.16251,craigslist_van,7933960538,craigslist_van:7933960538,https://vancouver.craigslist.org/van/apa/d/vancouver-kerrisdale-bed-bath-character/7933960538.html,Kerrisdale 4 Bed 2 Bath Character House w/ Fenced Backyard,"Address: 5998 Larch Street, Vancouver
Available: May 1, 2026 - long term unfurnished
Bedrooms: 4
Bathrooms: 2
Finished area: 2100 sf
Levels: 2
Fireplaces: 1; wood burning
Flooring: hardwood, tiles mixed
Outdoor: landscaped front yard, fenced backyard
Parking: street
Deposits: half-month security deposit + fob deposits.
Lease term: minimum 1 year lease.
Pets: sorry not this one.
No Bidet.
Absolutely no smoking please.
Included items:
fridge, stove, microwave, dishwasher, and washer & dryer.
Not included:
natural gas, electricity, telephone, cable, internet
____________________________________________________________________________
LOCATION:
Very desirable Kerrisdale neighborhood in Vancouver's Westside. Just few blocks away from Kerrisdale Village for a galore of businesses and restaurants along Boulevard and W.41st Ave for all your dining, shopping and entertainment needs. Elm Park is steps away up the street, Kerrisdale arena, and community centre are also very close. Maple Grove Elementary and Magee Secondary are the schools in this catchment area. 15 minutes to UBC and 10 minutes to Oakridge Shopping Centre.
FEATURES:
Very well maintained character home in Kerrisdale. Home features 3 bedrooms on the main floor, with a self contained 1 bedroom ground floor suite below. Newer roofing, piping, and electrical system are some of the upgrades that have been done in recent years. Some additional features include double glazed thermo windows, beautiful hardwood flooring, a fenced backyard with planters (making it ideal for gardening), and a nicely landscaped front yard. Skylights allow in ample light, and the large open kitchen is bright and spacious with white appliances and cabinetry.
____________________________________________________________________________
For viewing appointments, please contact:
Patrick Leung
at
show contact info
Photo tours here https://www.mybcrental.com/listings/larch5998/
____________________________________________________________________________
Property represented and posted by:
Sunstar Realty Ltd.
#6- 3003 Kingsway
Vancouver, BC. V5R 5J6.
- We do not charge prospective tenants any handling fees, application fees or processing fees.
- This property is not offered on a first come first serve basis; all applications will be carefully screened before presentation to owners for selection.
- It takes 2 to 3 business days to process each completed application.
- Payments from all major credit cards and direct debit accepted (subject to transaction fees charged by Rentmoola, and only applicable to fully managed properties).
- All measurements are approximate and all information presented herein obtained from sources believed to be reliable; user to verify and be aware that Sunstar does not assume any responsibility and/or liability for the accuracy of such."
6200,5.0,2.0,,27,Vancouver,"35xx W 20th Ave, Vancouver, BC V6S1E6","35xx W 20th Ave, Vancouver, BC V6S1E6",49.254633,-123.182788,craigslist_van,7935735074,craigslist_van:7935735074,https://vancouver.craigslist.org/van/apa/d/vancouver-bed-bath-upper-level-home/7935735074.html,5 Bed 2 Bath Upper-Level Home,"Rent: $6,200/month
Available: August 1, 2026
Location: 35XX W 20th Ave, Vancouver V6S 1E6
Type: Detached house, upper level
Size: Approx. 2,000 sq ft
Bedrooms: 5
Bathrooms: 2
Parking: Street parking
Bright south-facing 5 bedroom, 2 bathroom upper-level home in Vancouver West Dunbar. This approx. 2,000 sq ft home is located on a quiet tree-lined street and offers a spacious layout for long-term living.
Features:
Air-Conditioning
Hardwood floors
Wood fireplace
Renovated kitchen with stainless steel appliances
Granite countertops
Sundeck
Fully fenced backyard
Location:
Prime Dunbar location
Walking distance to Dunbar shops and services
School catchment: Lord Kitchener Elementary and Lord Byng Secondary
Short drive to St. George’s, Crofton House, and UBC
Rental Terms:
Minimum 1-year lease
No pets
No smoking
Tenant insurance required
Credit check required
Tenant pays 75% utilities
To request a viewing, please reply with:
Full name
Number of occupants
Desired move-in date
Estimated lease duration
Current living situation and reason for moving
Occupations of all occupants
Any pets or smokers"
4350,4.0,,,16,Vancouver West – Kitsilano,"W 10 Ave, Vancouver, BC V6R2G3","W 10 Ave, Vancouver, BC V6R2G3",49.263109,-123.184934,craigslist_van,7935732597,craigslist_van:7935732597,https://vancouver.craigslist.org/van/apa/d/vancouver-great-condition-upper-main/7935732597.html,Great condition Upper Main house at beautiful Neighborhood,"Unfurnished. Furniture on photos do not come with the property.
This is the upper level 3bed+1big open den flexible as 4th bed, 2 full bath house for rent. Great Kitsilano home! Close to parks and beach; close to great shops and schools!
* Lovely Family Home. 4028sft lot size, approximately 1,800 sft living space
* 3Bedrooms plus 1 big den flexible as the 4th bedroom, 2full Bathrooms, living, dining and eating area.
* There is a self-contained basement suite not included into the tenancy
* Monthly Rent: $4,350
* Deposit: Half Month of Rent
* Contract: Min One year fixed term
* Features: Frdg/Stve/DW, Drapes/Window Coverings, Smoke Alarm; washer and dryer
* Small Pet Negotiable; No Smoking
* Parking: 2 off-Street parkings
* Available: July 1, 2026
* Location: W 10 Ave cross Alma Street, Vancouver West
**CREDIT CHECK WILL BE DONE**
If Interested Please Contact Macdonald Commercial RES Ltd. Licensed Property Manager Lily Tang at
show contact info
with SPECIFIC PROPERTY INFO(like location information shown above) or email for View.
Disclaimer: This advertisement is for informational purposes only and does not constitute a binding offer. All details, including rent, utilities, furnishings, and availability, are subject to verification and may change without prior notice. Any tenancy will be governed solely by the terms and conditions of a written Residential Tenancy Agreement in accordance with the Residential Tenancy Act of British Columbia."
4800,4.0,2.0,,26,city of vancouver,"Dunbar St, Vancouver, BC V6S1W5","Dunbar St, Vancouver, BC V6S1W5",49.244913,-123.184923,craigslist_van,7928626280,craigslist_van:7928626280,https://vancouver.craigslist.org/van/apa/d/cranbrook-dunbar-house-upstairs-4bd-2ba/7928626280.html,Dunbar House Upstairs 4bd 2ba For Rent,"Hello there,
Available now.
Very well maintained and spacious 4 rooms 2 full baths, upstairs of a house for rent, in the
Dunbar neighborhood. Functional layout with open-concept kitchen. 1578 sqft, and with a
bonus deck.
Lord Kitchener Elementary, 2 mins drive, 10 mins walk.
Lord Byng Secondary, 5 mins drive.
St. Georgie’s Senior School, 3 mins drive, 18 mins walk.
St. Georgie’s Junior School, 2 mins drive, 9 mins walk.
Crofton House School, 3 mins drive.
UBC, about 7 mins drive.
Downtown Vancouver, about 15 mins drive.
Memorial West Park, 5 mins walk.
Pacific Spirit Park, about 8 mins drive.
$4800/month, with in-suite washer and dryer. Tenants to pay for split electricity, and
tenants insurance and credit check mandatory. Unfurnished.
Looking for clean, respectful, responsible, quiet, no smok ing of any kind please. Sorry no
pets.
Listed and managed by Remax City Realty, office located at #101 - 2806 Kingsway
Vancouver, BC V5R 5T5
Vancouver, Dunbar, Lord Kitchener, Lord Byng, St. Georgie, Crofton, UBC, West side,"
3800,4.0,,,43,city of vancouver,"4910 Willow Street, VANCOUVER, BC V5Z0G3","4910 Willow Street, VANCOUVER, BC V5Z0G3",49.241004,-123.123286,craigslist_van,7931516305,craigslist_van:7931516305,https://vancouver.craigslist.org/van/apa/d/vancouver-spacious-lot-single-house-at/7931516305.html,Spacious Lot Single House at Cambie Van,"4910 willow street Van
Single House
AVAILABLE NOW
Just minutes away from all that Oakridge Centre, Queen Elizabeth Park, close to Skytrain Canada Line, BC Children's and Women's Hospital, Eric Hamber Secondary.
Bedrooms: Four (4) + Rec room
Bathrooms: Two (2)
Level: Main Floors + Basement
Square Footage: 2500 sqft
Washer and Dryer: in Suite
Parking: Included
Appliances: Washer/Dryer, Fridge, Range, oven
Flooring: Hardwood & Carpet in basement
PET ALLOW
**** REQUIREMENT ****
1 year fixed term lease ONLY
NO subletting & NO ROOMMATES
Tenant pays Internet and BC Hydro
Credit, employment and landlord reference checks are required.
Tenant insurance required
Video tours and facetime are not available, only in-person showings.
**** CONTACT INFO ****
Please contact our Property Manager Anson by email:
anson.ng @ ranchogroup. com
Please let us know:
1. Who are the occupants?
2. Occupation of the adult occupants?
3. Desired tenancy start date?
4. Your contact email address and phone number
5. When is your availability to view the showing?
Rancho Management Services (B.C.) Ltd."
3200,4.0,2.0,,68,Vancouver,"East 1st Avenue, vancouver, BC V5M1A3","East 1st Avenue, vancouver, BC V5M1A3",49.269374,-123.044221,craigslist_van,7931966065,craigslist_van:7931966065,https://vancouver.craigslist.org/van/apa/d/vancouver-bedroom-bathroom-ground-floor/7931966065.html,*** 4 BEDROOM 2 BATHROOM GROUND FLOOR SUITE NANAIMO AND 1ST AVENUE ***,"4 BEDROOM GROUND FLOOR SUITE NANAIMO AND 1ST AVENUE
Rent is $3200 per month. Utilities are shared 50%. Available on June 1st, 2026.
Ground floor Suite is move in ready.
1 block away from bus stop on Nanaimo and 1st avenue, 15 minutes from downtown.
Ground floor suite in a house, 4 bedrooms and very spacious. Has a new dryer and washer, stove and fridge in suite and 2 full washrooms. Private parking in driveway behind house and street parking is also available. No pets and no smoking inside house are allowed."
5499,4.0,3.0,,94,Vancouver,"ansell, West Vancouver West, BC V7W2W3","ansell, West Vancouver West, BC V7W2W3",49.3615,-123.2627,craigslist_van,7935716894,craigslist_van:7935716894,https://vancouver.craigslist.org/van/apa/d/west-vancouver-west-br-and-baths-in/7935716894.html,4 BR and 3 Baths in Ansell Place,"8515 ANSELL PLACE WEST VANCOUVER BC V7W 2W3
$5,499/month
🛏️ 4 Bedroom
🛁 3 Bathroom
🏡📐 3,695 sq. ft
Discover your piece of West Vancouver real estate at exclusive Sunset Point! This beautifully remodelled 3,700 SF residence, fully renovated in 2020, sits on a sunny 12,000 SF corner lot in a quiet, family-friendly neighbourhood. Move-in ready with 4 bedrooms and 3 full baths, including a bright 1-bedroom in-law suite with separate entrance, ideal for extended family or out of town friends. The upper floor offers 3 BR highlighted by a spacious primary suite with a luxurious 5-piece ensuite and ample closets. Enjoy bright living and dining areas, an expansive gourmet kitchen, and seamless access to a large south-facing patio with breathtaking water views, perfect for gatherings and entertaining. Features 3 wood-burning fireplaces. Move in today!"
5500,7.0,,,35,"Burnaby, BC, UBC","2429 McBain Ave, Vancouver, BC, BC V6L2C5","2429 McBain Ave, Vancouver, BC, BC V6L2C5",49.248262,-123.160115,craigslist_van,7932644110,craigslist_van:7932644110,https://vancouver.craigslist.org/van/apa/d/vancouver-fully-furnished-arbutus-whole/7932644110.html,Fully Furnished Arbutus Whole House,"Address: 2429 McBain Ave, Vancouver, BC V6L 2C5
Available: May 21, 2026
$6,000 per month
Bedrooms: 7
Bathrooms: 2
Finished area: 2,433sf
Lot size: 6,600
Levels: 3
Fireplaces: available
Flooring: hardwood, carpets, tiles mixed
Outdoor: yard and deck
Parking: carport
Newly Renovated open kitchen to a large family room.  Newer bathroom and newer wall painting.
Fuylly furnished is optional.
Deposits: half a month security deposit.
Lease term: one year minimum
No Pets, No Smoking, please
LOCATION: Heart of Arbutus/Dunbar on Vancouver's sought after Westside. Close to everything including Downtown Vancouver, Starbucks, Safeway Arbutus.  Steps away from Prince of Wales Secondary and walking distance to Trafalgar Elementary school.  Easy access to bus to UBC.
Easy to show.
Please contact Tracy Yuen at
show contact info
."
3000,5.0,,,76,city of vancouver,"1st Avenue, Vancouver, BC V5M1A2","1st Avenue, Vancouver, BC V5M1A2",49.26,-123.0398,craigslist_van,7935680063,craigslist_van:7935680063,https://vancouver.craigslist.org/van/apa/d/vancouver-now-or-june-1st-house-in-east/7935680063.html,Now or June 1st! HOUSE in EAST VANCOUVER! 5bd+2bth+yard+parking!,"Nice family home at 1st Avenue just off Nanaimo Street.  Located on a fantastic corner lot in a super desirable East Van neighbourhood!
Well kept and vintage 1944, this beauty has a huge park like yard and awesome views of the North Shore Mountains!  Lovely and perfect for a growing family with lots of room to spread out.  In catchment for Lord Nelson Elementary, Chief Maquinna Elementary and Garibaldi Annex.  Notre Dame Secondary, Thompson Secondary and Vancouver Technical Secondary and a short distance to many parks including the Clinton Park, Garden Park, Kaslo Park, Sunrise Park, The PNE, Pacific Coliseum and Hastings Racecourse.
Whole house & yard!  Two bedrooms on the main floor, two more bedrooms in the basement and a big romantic top floor attic master bedroom!  One full bathroom on the main floor and one full bathroom in the basement too!  Spacious living rooms both upstairs & downstairs... this place is an absolute dream!
Close to everything at just a quick hop away!!  7-11, Chevron Gas, T&T, Superstore, Save-On Foods, London Drugs, MacDonalds, Vancity, RBC, TD Bank, Starbucks, Mr. Sub, Canadian Tire, Wal-Mart, Staples, Superstore and much more more more. A five minute drive to Hastings & Nanaimo with delis, bakeries, Donald’s Market, a dozen craft beer microbreweries, independent coffee shops and specialty restaurants of any cuisine you fancy.  Great location for the short 15 minute commute Downtown, to Burnaby, SFU, North Vancouver and beyond!  Must see this place - do not miss!
1st Avenue at Nanaimo Street in Vancouver
Available:  Right Now! or June 1st!
Rent Unfurnished:  $3000 per month
Covered Area:  1680 sqft
Bedrooms:  Five
Baths:  Two
Appliances:  Fridge, Stove/Oven, Dishwasher, Washer/Dryer
Parking:  Outdoor Parking Pad & Plenty More On the Street
Sorry, absolutely no smoking of any kind.  Sorry, zero pets.
Utilities (BC Hydro + Fortis BC Natural Gas), cable, telephone & internet are all extra tenant costs - not included.
No short term.  Zero subletting.  Zero subtenancies. Zero commercial use.  No extra or no un-approved occupants.
Minimum one year lease with a fully qualified tenancy application and approval required.  Tenant insurance is mandatory.
Book a viewing - call or text
show contact info
.  Please provide your name/number and/or email address and a short bio for a response!  Thanks to all interested, only those suitable will be contacted back.
Posted & managed by Centre Pacific for owner.  Prospective tenants are not charged any application or processing fees.
All wordings & format in this ad are original.  Please do not copy or plagiarize."
3200,4.0,,,58,Vancouver East,"Killarney st, Vancouver, BC V5S4N8","Killarney st, Vancouver, BC V5S4N8",49.2175,-123.038,craigslist_van,7935676032,craigslist_van:7935676032,https://vancouver.craigslist.org/van/apa/d/vancouver-killarney-corner-lot-near/7935676032.html,Killarney Corner Lot near Metrotown - Upstairs Suite 4 beds for lease,"location: 65XX Killarney Street Vancouver
Spacious detached home available for rent in the desirable Killarney neighborhood of East Vancouver. Located on a quiet residential street, just minutes from Killarney Secondary School, parks, community center, transit, shopping, and Metrotown.
This home is ideal for a large family, extended family, or shared living arrangement.
Property Features:
Upper Level about 1600 sqft : $3200
• 4 bedrooms
• 3 bathrooms
• Bright living and dining area
• Full kitchen
• Separate entrance
Lower Level about 1550 sqft : $2600
• 3 bedrooms
• 2 bathrooms
• Full kitchen and living area
• Separate entrance
Additional Features:
• Total 7 bedrooms and 5 bathrooms
• Quiet and convenient family-oriented neighborhood
• Walking distance to Killarney Secondary School
• Close to transit, shopping, parks, and community center
Rental Options:
• Whole house: 7 bedrooms, 5 bathrooms
• Upper level and lower level may be rented separately
Rent:
Whole house: $_5800_ / month
Upper level: $__3200___ / month
Lower level: $__2600___ / month
Availability: Immediate
Lease Term: Minimum 1-year lease
Smoking: No smoking
Pets: No pets preferred
Please reply with a brief introduction, including number of occupants, employment status, desired move-in date, and whether you are interested in the whole house or one level only. text
show contact info
for showing."
6500,7.0,6.0,,58,city of vancouver,"Approx map: 49.222000, -123.068300","Approx map: 49.222000, -123.068300",49.222,-123.0683,craigslist_van,7932391841,craigslist_van:7932391841,https://vancouver.craigslist.org/van/apa/d/vancouver-rare-fraserview-rental-custom/7932391841.html,Rare Fraserview Rental – Custom-Built Luxury Home (7 Bed / 6 Bath),"Rarely available in the highly sought-after Fraserview neighbourhood! This stunning custom-built home offers exceptional craftsmanship and a spacious 7-bedroom, 6-bathroom layout—perfect for growing families and multigenerational living.
Step into a dramatic 25-ft vaulted foyer and enjoy a bright, open-concept design filled with natural light from expansive windows and skylights. The home features a gourmet main kitchen plus a separate wok kitchen, a large entertainment room, and a seamless flow ideal for both everyday living and hosting guests.
Additional features include:
-Radiant in-floor heating for year-round comfort
-Private upstairs balcony with breathtaking 180° views toward Richmond
-Quiet, family-friendly neighbourhood
-Close to transit, parks, and excellent school catchments
-Minutes to Bobolink Park
Address: 2085 Qualicum Drive, Vancouver
Rent: $6,500/month (entire house)
Available: May 15 or June 1, 2026
If you’re interested in booking a viewing, please email to arrange a showing."
1000,4.0,,,31,Alma st and W 10th AVE,"10th AVE, VANCOUVER, BC V6X0C3","10th AVE, VANCOUVER, BC V6X0C3",49.1836,-123.1168,craigslist_van,7926911474,craigslist_van:7926911474,https://vancouver.craigslist.org/van/apa/d/richmond-10-minutes-to-ubc-basement/7926911474.html,8-10 Minutes to UBC 1 basement bedroom for rent,"The location is perfect for UBC students. 7–10 minutes TO UBC, The 99,9,14Bus stops are just 2 MINUTES away,
offering direct and frequent service to UBC.
PROPERTY FEATURES:
1000-1200/month for ONE Bedroom Suite
- All Utilities Included(utilities anf wifi)
- available NOW.
- 12-month lease required.
（ One year lease minimum, credit check and reference required.
No pets and non-smoker, No drugs.
Could you please introduce yourself）
- Living Space: 1,500 sqft
Kitchen Appliances: Fridge / Stove Top / Oven / Microwave / Dishwasher
- Laundry: In-Suite Washer & Dryer
- covers water, electricity, gas, and internet
– Unfurnished"
2850,4.0,,,43,Vancouver,"Knight Street, Vancouver, BC V5N3K6","Knight Street, Vancouver, BC V5N3K6",49.256701,-123.075018,craigslist_van,7935635453,craigslist_van:7935635453,https://vancouver.craigslist.org/van/apa/d/vancouver-spacious-bedroom-apartment-15/7935635453.html,Spacious 4 Bedroom Apartment 15 mins to Downtown,"Nicely renovated & furnished large 4 Bed Apartment 15 Mins to Downtown is available for 3 months/91 days
Nicely renovated & furnished large 4 Bed Apartment in a nice, clean and safe neighborhood with high ceilings, large lounge, 4 piece bathroom, fully fitted kitchen and shared laundry room with washer, dryer and sink. Steps to bus stop and 6 minutes walk to sky train, shopping, restaurants, community park, tennis courts, public library, all amenities. Looking for quiet, respectful tenants who are non-smokers. Available for May 25, 2026. References required.
• Nicely renovated throughout with double pane windows
• Nicely renovated Large living room with hardwood floor
• Nicely renovated 4 bedrooms with laminate floors
• Nicely renovated large kitchen with tiled floor, easy clean range, fridge freezer, hood and space for dining table
• Nicely renovated bathroom with tiled bath surround, shower enclosure, tiled floor, sink, medicine cabinet with mirror & WC
• Shared Laundry room with sink, washer and dryer
• 35% share of utilities
• Convenient location for Downtown, UBC, VCC, BCIT, SFU, Langara College, Douglas College,
• 1 Off-street parking, Lots of street parking. No Pets. No Smoking."
2900,4.0,,,22,city of vancouver,"3 Semana Crescent, Vancouver, BC V6N2E1","3 Semana Crescent, Vancouver, BC V6N2E1",49.236091,-123.202048,craigslist_van,7935630387,craigslist_van:7935630387,https://vancouver.craigslist.org/van/apa/d/vancouver-vancouver-near-ubc-bedroom/7935630387.html,Vancouver Near UBC 4 Bedroom Basement Level Suite,"Address:
3 Semana Crescent, Vancouver, BC
Available:
June 1st, 2026
Furnished:
Yes, basic furniture included
Rent:
$2900/Month
Property Type:
Basement level suite in house
Bedrooms:
4
Bathrooms:
2 shared bathrooms
Flooring:
Hardwood floor
Parking:
Street parking
Laundry:
Shared laundry within the suite
Kitchen:
Shared kitchen within the suite
Lease term:
Minimum one year lease.
Utilities:
Utilities and Internet included
Pets:
No, sorry
Absolutely No Smoking Please, credit / reference check will be done after receiving the application.
Tenant insurance is required if applicable.
Description:
-Basement level suite in a house offering 4 bedrooms and 2 shared bathrooms, rented as one whole unit.
-Ideal for students or a group of tenants seeking shared accommodation near UBC.
-Each bedroom includes basic furniture, including a bed and desk.
-Hardwood flooring throughout the unit.
-The suite includes a shared kitchen, shared laundry, and 2 shared bathrooms for the 4 bedrooms only. These spaces are not shared with other occupants outside the suite.
-One bathroom has a shower and the other has a bathtub.
-Utilities and internet are included in the rent.
-This is not rented by individual room. The entire basement level is rented together under one lease.
Prime Location:
-Located in a convenient residential neighbourhood near UBC.
-Approximately a 6-minute walk to the bus stop, with direct bus access to UBC.
-Ideal for students looking for practical shared accommodation with convenient transit access to campus.
-------------------------------------------------------------------------------------------------------------------------------------------------
For viewing appointments, email/text Emily
show contact info
Please email/text about your household and include the following:
-Your full name.
-Your contact telephone number.
-Your email.
-Total number of occupants.
-Occupation / study status of occupants.
-Desired move-in date.
-Reason for moving.
Western Rental Property Management Group - Sutton."
6000,4.0,3.0,,21,Point Grey,"41st Ave, Vancouver, BC V6N1Z1","41st Ave, Vancouver, BC V6N1Z1",49.234455,-123.188152,craigslist_van,7931563746,craigslist_van:7931563746,https://vancouver.craigslist.org/van/apa/d/vancouver-newly-crafted-vancouver-west/7931563746.html,Newly Crafted Vancouver West 1500SF 4bed 3bath Laneway available NOW!,"Charming BRAND NEW detached Laneway House located in the prime area of Vancouver West - POINT GREY! Features 4 bedrooms and 3 full bathrooms. Hardwood floors throughout the home, including all bedrooms, with heated floors in the bathrooms. The spacious living room comes with vaulted ceilings, providing an elevated living experience and comfort. The master bedroom has a walk-in closet. The first floor also includes an additional flexible space, which can be used as a bedroom, studio, children's study area, or family entertainment space. The location is incredibly convenient, just steps away from the supermarket and the shops and restaurants on W 41st Ave. Situated in the Point Grey Secondary School district, with the 41 bus route directly to UBC. Don't miss out—schedule a viewing now at
show contact info
!"
6000,4.0,,,75,hastings sunrise,"Approx map: 49.280700, -123.039700","Approx map: 49.280700, -123.039700",49.2807,-123.0397,craigslist_van,7935510126,craigslist_van:7935510126,https://vancouver.craigslist.org/van/apa/d/vancouver-brand-new-house-for-rent/7935510126.html,Brand new house for rent Beside the PNE LONG OR SHORT TERM RENTAL,"Furnished 4 BR / 3 BA Luxury Home w/ 4 Balconies – Near Transit & Schools – 241 Renfrew
Move into this beautifully designed 4-bedroom, 3-bathroom home at 241 Renfrew, Burnaby. Perfect for families or professionals, this fully furnished house is brand new, modern, and thoughtfully laid out with a reverse floor plan—bedrooms below, and a bright open living space above.
Features you’ll love:
- Reverse floor plan: Spacious living, dining & kitchen upstairs, bedrooms downstairs for privacy
- 4 private balconies to enjoy fresh air & sunshine
- Fully furnished with modern, comfortable décor—just bring your suitcase!
- Air conditioning + hydronic baseboard heating = year-round comfort
- Endless hot water with new high-efficiency system
Transit & Location Highlights:
- Steps to major bus routes (Renfrew St. & Hastings) and quick access to Gilmore SkyTrain Station
- Easy commute to Downtown Vancouver & Metrotown
- Close to Hwy 1 for quick access across the Lower Mainland
Nearby Schools & Community:
- Confederation Park Elementary & Alpha Secondary within walking distance
- Close to Burnaby North Secondary and SFU Burnaby Campus
- Family-friendly neighborhood with parks, playgrounds, and community centers nearby
Amenities:
- Minutes to Brentwood Town Centre (shopping, dining, entertainment)
- Close to local shops, cafes, and grocery stores along Hastings Street
- Parks and recreation: Confederation Park, Eileen Dailly Pool, Burnaby Mountain Trails
Rent: C$6000 per month                and higher rates are avaialble for short term rentals, we have a short term business license as well
pets considered for a higher rate
Contact: to schedule a private showing.
This home combines modern comfort with unbeatable convenience. Don’t miss this opportunity—contact today before it’s gone!"
985,4.0,,,64,Commercial Drive,"Approx map: 49.255100, -123.066700","Approx map: 49.255100, -123.066700",49.2551,-123.0667,craigslist_van,7926291709,craigslist_van:7926291709,https://vancouver.craigslist.org/van/apa/d/vancouver-viewings-tonight-house-near/7926291709.html,Viewings tonight! - House near Trout Lake/CommercialDr,"- Unfurnished room in a large furnished 4 bedroom 2 level, 2 bath house available June 1st! All bills included in rent!
- A few steps to Trout Lake and a short walk Commercial Drive. The room is unfurnished, however the rest of the house is fully furnished. The house backs on to Trout Lake -- Unreal location!
- Living with 2 other guys from Ireland in their 30's-40's. Friendly, chilled living environment.
- The room that is up for rent is on the downstairs level beside the rec room and will be freshly painted for move in.
- $985 rent, all bills included!
- Laundry in the house!
- 420 Friendly.
Give us a shout with a little info about yourself to set up a viewing and see if you are a good fit."
1100,6.0,,,21,"UBC, Dunbar, Southlands, Kerrisdale","Holland Street, Vancouver, BC V6N2A7","Holland Street, Vancouver, BC V6N2A7",49.236438,-123.192274,craigslist_van,7935442615,craigslist_van:7935442615,https://vancouver.craigslist.org/van/apa/d/vancouver-private-rooms-for-rent-ubc/7935442615.html,"Private Rooms for Rent UBC, Dunbar","🏡 Room Available in Charming Dunbar Character Home – $1100/month
We are looking for a tenant to fill the last available room in this charming 6-bedroom, 2-bathroom character home located in the Dunbar area. The house is spacious, bright, and fully furnished, with a large mature backyard and convenient access to transit, shopping, and UBC.
We are seeking a quiet, mature, and responsible tenant who will enjoy a comfortable and respectful shared living environment.
📍 Location: Holland Street & 41st Ave, Vancouver
💲 Rent: $1100/month
✨ What’s Included:
• Fully furnished room
• Utilities included
• Half-month security deposit
• Single occupancy only
• Looking for a long-term tenant
• Bus stop just a block away
• Easy access to UBC via routes R4, 41, and 49 (about 15 minutes to UBC)
• Close to Pacific Spirit Park, Dunbar Loop, Save-On-Foods, and H-Mart
🚭 No parties, smoking, or pets please — we like to keep things peaceful and tidy 😊
📩 Message me if you’re interested or would like to schedule a viewing!"
4500,4.0,,,50,Vancouver,"ontario, Vancouver, BC V5Y2V9","ontario, Vancouver, BC V5Y2V9",49.229341,-123.107128,craigslist_van,7932442041,craigslist_van:7932442041,https://vancouver.craigslist.org/van/apa/d/vancouver-move-in-ready-bedroom-house/7932442041.html,MOVE IN READY 4 bedroom house for rent in Oakridge Area,"+++ 82 W 45th Avenue, Vancouver, V5Y 2V9 +++
4 Bedrooms 2 Bathroom Upper-Level Home in Prime Oakridge Location
Well-maintained 4-bedroom, 2-bathroom upper-level home situated on a quiet residential street in the highly desirable Oakridge neighborhood. Functional layout with generous living space, ideal for families seeking stability and convenience.
Key Features
•	4 full bedrooms with practical layout (3 bedrooms in the upper level and 1 bedroom in the ground level)
•	Bright interior with ample natural light
•	Brand new appliances including stove, fridge, washer, and dryer
•	Shared laundry
•	Private front yard
•	Quiet, family-friendly street
•	Some photos include virtual staging
Important
•	This is for the upper level of the house and one bedroom in the ground floor only (not the entire property)
Location Highlights
•	Walking distance to Canada Line SkyTrain
•	Minutes to Oakridge Park redevelopment, shopping, and dining
•	Close to parks, Langara College, and major transit routes
School Catchment
•	Sir William Van Horne Elementary
•	Eric Hamber Secondary
•	Sir Winston Churchill Secondary (French Immersion)
Lease Details
•	Rent: $4,500/month
•	Minimum 12-month lease
•	Incentive: 1 month free rent (applied to the 12th month of a full-term lease)
Utilities
•	Tenant responsible for Hydro, Gas, and Internet
•	Utilities shared with ground floor 1 bedroom tenant based on number of occupants
Requirements
•	References and credit check required
•	Suitable for responsible, long-term tenants
Please include a brief introduction when inquiring (number of occupants, employment, reason for moving).
++Viewings by appointment only through property manager++"
4850,4.0,,,17,city of vancouver,"3719 W11th ave, vancouver, BC V6R2K7","3719 W11th ave, vancouver, BC V6R2K7",49.2666,-123.1976,craigslist_van,7935288598,craigslist_van:7935288598,https://vancouver.craigslist.org/van/apa/d/vancouver-furnished-beautiful-vancouver/7935288598.html,"Furnished Beautiful Vancouver West Single House for Rent – $4,850/mont","Beautiful furnished single-family home located in the desirable Vancouver West neighborhood. Quiet, safe, and convenient location close to parks, schools, shopping, and public transit. Please text agent for property video review if need it. Important:The landlord can communicate in English, but with limited proficiency, so Mandarin-speaking tenants are preferred.
Elementary
K - 7 Queen Elizabeth Elementary
Secondary
8 - 12 Lord Byng Secondary
French Immersion - Secondary
8 - 12 Kitsilano Secondary
Features:
4 bedrooms
2 full bathrooms
Shared kitchen and dining area
Shared washer and dryer
Spacious and bright living area
Fully furnished
Quiet family-friendly neighborhood
Convenient access to UBC, Downtown, and transit
Rental Details:
Rent: $4,850/month
Available starting September 1
Minimum lease term: 6 months
Tenant pays electricity and gas
No smoking
pet，dog allowed
Please contact for more information or to schedule a viewing."
3600,4.0,2.0,,69,Fraserview,"Approx map: 49.209044, -123.059235","Approx map: 49.209044, -123.059235",49.209044,-123.059235,craigslist_van,7926865173,craigslist_van:7926865173,https://vancouver.craigslist.org/van/apa/d/vancouver-bed-bath-house-upper-suite/7926865173.html,4 Bed 2 Bath House Upper Suite Fraserview Vancouver East,"Please Text “Harrison” to
show contact info
for more info
FOR RENT: 23xx Harrison Drive, Vancouver
$3600 / 4br - 1600 sf - 4 Bed 2 Bath House Upper Suite
***DO NOT CALL*** Please Text me for communication.
Rental residence
Type of Residence: House Upper Suite
Room situation: 4 Bedroom, 2 Bathroom, 1 Living Room, Full-Function Kitchen, Huge Deck
Equipment and facilities: Separate Laundry, Dishwasher, Stove, Fridge, Microwave
Rent includes: Water
Utilities: Tenant responsible for 60% of electricity and 60% of gas
Tenant conditions: No Smoking, small dog or cat may be considered upon owner discretion, no large dogs, no drugs indoors, no sublets
Requirements: Reference, income, and credit check required.
Tenant Insurance: minimum $2 million third-party liability coverage is mandatory
Available time: May 16, 2026
Description:
Spacious and well-kept upper suite in Fraserview with approx. 1600 sf of living space. Features 3 bedrooms upstairs, plus 1 additional bedroom and 1 bathroom below. Private entrance, separate laundry, and a huge deck perfect for BBQ and outdoor enjoyment with open rear view. Located in a quiet family-friendly neighborhood on a large lot.
Excellent Location:
Quiet Fraserview setting with good school catchment and convenient access to parks, schools, and daily amenities.
School Catchment:
David Oppenheimer Elementary
David Thompson Secondary
Sir Winston Churchill Secondary, French Immersion Secondary
Contact me with a brief intro about yourself to arrange a viewing.
Please answer the following:
1. Can you commit to a 1 year lease?
2. What's your name?
3. How many people is this for?
4. What kind of work do you do?
5. When do you wish to start?
6. How long do you wish to stay?
7. Reason for moving?
8. When do you wish to view?
9. What questions do you have for me?
10. Do you have any pets, and if so what size, weight and breed
Michael Lin PREC
Luxmore Group Realty Ltd.
11111 Horseshoe Way Richmond, BC V7A 4Y1
show contact info
Only selected applicants will be contacted."
4800,4.0,,,18,city of vancouver,"Dunbar Street, Vancouver, BC V6R2G3","Dunbar Street, Vancouver, BC V6R2G3",49.257989,-123.184013,craigslist_van,7932157524,craigslist_van:7932157524,https://vancouver.craigslist.org/van/apa/d/vancouver-furnished-kitsilano-4br/7932157524.html,"Furnished Kitsilano 4BR Laneway w/utilities, near #99 UBC Express Bus","Furnished 4-bedroom, 2-level laneway house available with insuite laundry, a patio, and a deck.
Utilities included: heat, hot water, electricity, wifi
Central kitsilano location: 1 block to express buses to downtown, ubc, and canada line skytrain station
Location is approximate
If interested in a viewing, please email me. Thanks for reading."
6000,4.0,4.0,,46,Vancouver,"7688 Cartier Street, Vancouver, BC V3N","7688 Cartier Street, Vancouver, BC V3N",49.2275,-122.9301,craigslist_van,7935146798,craigslist_van:7935146798,https://vancouver.craigslist.org/van/apa/d/burnaby-latest-bedrooms-bathrooms-in/7935146798.html,Latest 4 bedrooms 4 bathrooms in Marpole !!,"Very Spacious & efficient layout with exquisite finishing and details, high-end hard wood floors. Stainless modern kitchen with almost-new appliance, big island with granite counter top. Radiant heat. New lighting fixtures in dining room, eating area, New fences, New backyard brick flooring and New heating system in 2024. Double detached Garage. School Catchment of David Lloyd George Elementary & Churchill Secondary school(IB program); Close to Marpole Community, Easy access to downtown, Cambie Corridor, Richmond, Airport and UBC."
3800,4.0,2.0,,49,Mount Pleasant,"E 12th Ave, Vancouver, BC V5T2H8","E 12th Ave, Vancouver, BC V5T2H8",49.259629,-123.077571,craigslist_van,7935132467,craigslist_van:7935132467,https://vancouver.craigslist.org/van/apa/d/vancouver-fairly-new-4bed-2bath-big-yard/7935132467.html,Fairly New 4bed 2bath Big Yard,"Experience true urban serenity
. This building is situated in a strictly residential
you can enjoy a quiet and relaxing atmosphere at home, completely removed from street noise
. Fully renovated furnished or unfurnished facing south.
. pets allowed!
The unit includes: modern heated flooring, energy efficient stainless steel appliances including dishwasher, quartz countertops in kitchen and bathroom
. cabinetry with soft-closing features, environmentally efficient house
spacious yard
quiet and nice neighborhood of Mount Pleasant area
. It is a few steps away from a wide range of retail outlets and Robson Park,
18-minute walk to VCC Broadway Campus, 19-minute walk to Emily Carr University,
3 blocks to Cafes, and supermarkets
Nearby Transit:
- BUS: 009, 19
**If interested, please email:
1. A brief description of yourself
2. Reasons for moving
3. Number of occupants
4. Your intended move-in date"
4199,5.0,2.0,,67,Rupert SkyTrain,"E 14th Ave, Vancouver, BC V5M2J5","E 14th Ave, Vancouver, BC V5M2J5",49.257234,-123.034784,craigslist_van,7935062627,craigslist_van:7935062627,https://vancouver.craigslist.org/van/apa/d/vancouver-bright-renovated-5br2bathdeck/7935062627.html,Bright Renovated 5br+2bath+Deck Upper Floor $500 for your choice,"Upper floor of a house with 5 bedrooms and 2 bathroom for rent.
we will spend $500 of your choice either to get a dishwasher or any upgrade of your choice
Located minutes to Rupert Skytrain station
close to shops and transportation
. Quiet street
. A 3-minute walk to the bank, shops and dining options
. The house is bright and tidy, with new renovations inside
. New high efficiency heating and cooling system just installed for temperature control year round
. Newly updated bathroom
. Laundry for use downstairs
. Use of full backyard AND front yard with patio for gardening and outdoor entertaining
Separate front and back entry.
Utilities not included
. Long and short term available.
No Smoking, no drugs or substances.
Please provide references, income/credit verification.
Available NOW"
4900,4.0,2.0,,17,w 16th Ave Vancouver,"Approx map: 49.258521, -123.201950","Approx map: 49.258521, -123.201950",49.258521,-123.20195,craigslist_van,7931101041,craigslist_van:7931101041,https://vancouver.craigslist.org/van/apa/d/vancouver-4900-4br-bath-single-house/7931101041.html,$4900 /m 4br & 2 bath single house close to UBC,"4 bedrooms +2 bathrooms house for rent.
This house is located in a beautiful area close to UBC.
Available: 01 June 2026
Offered at: $4,900/month
Total Level: 3 levels
Bedrooms: 4 (3 bedrooms upstairs, 1 bedroom basement).
Bathrooms:2
Kitchen: 1
Fuel/Heating: forced air, natural gas
Grand total: 2230 sq. ft
This bright house close to UBC.
Requirements: No Smoking, and No Sub-renting.
Rent: $4,900/month, 1 year minimum, reference and credit check required.
If you are interested, please contact Frank at
show contact info
for more information or making an appointment."
5300,4.0,,,10,UBC Campus,"Kings Rd, Vancouver, BC V6T1K8","Kings Rd, Vancouver, BC V6T1K8",49.4635,-122.822,craigslist_van,7935044114,craigslist_van:7935044114,https://vancouver.craigslist.org/van/apa/d/vancouver-bedroom-level-townhouse-on/7935044114.html,"4-bedroom, 3-level townhouse on UBC campus available June 1st","4-bedroom, 3-level townhouse on UBC campus near the Village, suitable for UBC students or family. 1 secured underground parking stall. Close to U-Hill Secondary and Elementary Schools. Available for rent from June 1st. Rent is $5300. One year lease required. No pet and no smoking."
5000,4.0,,,46,Oak St and W.59 Ave,"985 Westbury Walk, Vancouver, BC V6P6Z5","985 Westbury Walk, Vancouver, BC V6P6Z5",49.217938,-123.12789,craigslist_van,7934959247,craigslist_van:7934959247,https://vancouver.craigslist.org/van/apa/d/vancouver-level-renovated-townhouse-in/7934959247.html,3 level Renovated townhouse in Marpole area,"985 Westbury Walk., Vancouver West
22 year old townhouse
3 levels townhouse
4 bedrooms, 4 baths
1920 sf
Wood floor on main, carpet on bedrooms
Insuite laundry
Double garage
Close to Churchill Secondary School
No pet, non-smoking
1 year lease required
Available immediately
Please call Victor
show contact info
for showing
Green Team Realty"
4200,5.0,,,67,Grandview,"E 14 Ave, Rupert, BC V5M2J5","E 14 Ave, Rupert, BC V5M2J5",49.26,-123.0398,craigslist_van,7934928794,craigslist_van:7934928794,https://vancouver.craigslist.org/van/apa/d/vancouver-big-sundeck-tier-oven-save/7934928794.html,"Big Sundeck 2-Tier Oven Save time,energy","( balconies to enjoy fresh air & sunshine
( Functional layout with HIGH CEILING
( Furnished or Unfurnished
( Easy commute to Downtown Vancouver & Metrotown"
600,5.0,,,52,Vancouver,"Main st, Vancouver, BC V5W2W4","Main st, Vancouver, BC V5W2W4",49.237148,-123.101635,craigslist_van,7934912073,craigslist_van:7934912073,https://vancouver.craigslist.org/van/apa/d/vancouver-beautiful-house-in-vancouver/7934912073.html,Beautiful House in Vancouver - World Cup 2026,"Exceptional House in Vancouver during World Cup 2026. Ideal for families, visitors, or anyone seeking a comfortable and high-quality residence in one of the city’s best locations.
Features include:
• Fully furnished and move-in ready
• Spacious modern interior
• High-end kitchen and appliances
• Fast Wi-Fi and dedicated workspace
• Private outdoor space
• Parking available
• Convenient access to transit, restaurants, shopping, and major city attractions
The home is available with flexible occupancy arrangements throughout Summer 2026. Perfect for those visiting Vancouver and looking for a premium residential experience in a quiet and comfortable setting.
Availability may vary depending on dates and length of stay. Please contact directly with your preferred timeline and details for availability and further information."
4495,4.0,,,82,Ladner,"4982 57 A street, Delta Central, BC V4K3G5","4982 57 A street, Delta Central, BC V4K3G5",49.0986,-123.0318,craigslist_van,7934356069,craigslist_van:7934356069,https://vancouver.craigslist.org/van/apa/d/delta-central-bedroom-entire-home-for/7934356069.html,4 bedroom entire home for rent,"Spacious 4 bedroom home for rent in Ladner, BC. Perfect for family. 3 bedrooms, one bathroom, two family rooms, dining room, large sundeck and solarium on upper level.
One bedroom suite with one washroom on main level.
Beautifully landscaped large private yard with gazebo.
Covered garage parking with in suite laundry.
Great west Ladner location, quiet neighborhood within walking distance to elementary school and transit.
No smoking, absolutely no pets.
$4,495 month plus utilities.
Available April 1, 2026
Serious inquires only.
show contact info"
5000,4.0,,,21,Nearing UBC,"Approx map: 49.266600, -123.197600","Approx map: 49.266600, -123.197600",49.2666,-123.1976,craigslist_van,7933480451,craigslist_van:7933480451,https://vancouver.craigslist.org/van/apa/d/vancouver-fully-furnished-spacious-4bd/7933480451.html,Fully-furnished spacious 4BD upper-level house next to UBC for 4-5,"A spacious 4-bedroom upper level unit in a cozy house in dreaming community West Point Grey, is looking for a group of quiet, clean, and organized people for rent. 1 block away from UBC main campus. It has 4 bedrooms and 1 full bathroom, fully furnished with 1 king bed, and 3 queen size beds. Living room can host the 5th person at smaller adder with double bed, sofa bed and closet. Internet and water are included. Electricity and LNG are shared between all tenants. It can be available from as early as Aug 15. Min 1 year leasing term. Parking on street. Translink bus routes 99, 14, 9, 4 are nearby."
3200,5.0,,,32,Vancouver,"Approx map: 49.249700, -123.166000","Approx map: 49.249700, -123.166000",49.2497,-123.166,craigslist_van,7934622616,craigslist_van:7934622616,https://vancouver.craigslist.org/van/apa/d/vancouver-rooms-suite-in-vancouver-west/7934622616.html,5 rooms Suite in Vancouver West (Macdonald Street),"5 BR Suite
Ground level, 5-rooms suite in a clean, safe, and highly convenient neighborhood. Steps from transit and all daily amenities.
Parking: Plenty of off-street parking spots.
Utilities: Tenant will be responsible for a 50% share of utility costs of the house.
Prime Location
Transit: W King Edward Ave & Macdonald St. Direct to UBC: Steps away from the #22 and #25 bus loops, making commutes to campus or Downtown
Amenities: Walking distance to shopping, restaurants, ICBC, Community Park, cafe etc.
Layout
- Ground level of a 2-level home.
- 1 Bathroom
- Some of the rooms without window
- Dedicated separate entrance for the unit.
Rental Terms
- Availability: Move in May/June
- Policies: Strictly no pets and no smoking.
- Requirements: Looking for quiet, respectful tenants. Students welcome.
To apply or view, please reply with your phone number and a brief introduction."
4990,4.0,,,42,Vancouver,"Arbutus, Vancouver, BC V6L2B2","Arbutus, Vancouver, BC V6L2B2",49.243199,-123.146715,craigslist_van,7934529779,craigslist_van:7934529779,https://vancouver.craigslist.org/van/apa/d/vancouver-4br-upper-suite-with-mountain/7934529779.html,4BR Upper Suite with Mountain View,"Beautiful 4-Bedroom Upper Suite with Mountain Views - Prime Kerrisdale/Quichena
Rare opportunity to rent a bright and spacious 4-bedroom, 2.5-bath upper-level home (2,400 sq ft) with beautiful mountain views in a quiet, family-friendly neighborhood.
Ideal for a family or professionals seeking space, comfort, and a high-quality living environment.
Highlights
- Stunning mountain views
- Large, sun-filled living areas
- Generous bedrooms and functional layout
- Peaceful and well-maintained home
Prime Location
- Steps to Arbutus shopping, parks, and transit
- Close to Kerrisdale shopping street
- Top Secondary & Trafalgar Elementary
- Easy access to UBC, Downtown, Richmond & airport (15 minutes drive)
Features
- 4 bedrooms + 2.5 bathrooms
- Spacious kitchen and living areas
- Laundry in unit
- Parking in drive way
Rent: $4,990/month + shared utilities with 1 person in basement bachelor
Available: June 1, 2026
Details
- 1 year lease
- Half-month deposit
- No pets, no smoking, no subletting
- References & credit check required
Please introduce yourself, employment, move-in timing) when replying"
4800,5.0,,,74,Vancouver,"3015 E 59th Ave,, Vancouver, BC V5S2B2","3015 E 59th Ave,, Vancouver, BC V5S2B2",49.217004,-123.044056,craigslist_van,7934514811,craigslist_van:7934514811,https://vancouver.craigslist.org/van/apa/d/vancouver-luxury-family-home-for-rent/7934514811.html,Luxury Family Home for Rent – Vancouver,"Luxury Family Home for Rent – East Vancouver
Welcome to this beautifully maintained, full two-story luxury home located in a quiet and desirable neighbourhood of Vancouver. Offering generous living space, comfort, and privacy, this residence is perfect for families looking for a premium rental opportunity.
📍 3015 East 59th Ave, Vancouver
🏡 Entire Two-Story House
🛏 5 Bedrooms
🛁 2.5 Bathrooms
📐 2,466 Sq Ft
🚗 Covered Carport
🛋 Unfurnished
📅 Available June 20
💰 $4,800 / Month
This spacious home features bright living areas, large bedrooms, and an excellent functional layout ideal for comfortable family living. Conveniently located close to schools, parks, shopping, and transit.
Serious inquiries only.
For private showings, please contact me."
6500,5.0,3.0,,35,Vancouver,"w 28, Vancouver, BC V6S1S7","w 28, Vancouver, BC V6S1S7",49.247022,-123.195105,craigslist_van,7933740455,craigslist_van:7933740455,https://vancouver.craigslist.org/van/apa/d/vancouver-brand-new-br-ba-ac-laneway/7933740455.html,Brand New 5-BR 3-BA w AC laneway house | St George | UBC,"Highlights:
Property #: PP231C
Location: 4*** w 28th Av, Vancouver
Rent: $6,500/month, utility not included
Available: now
Furnishing: unfurnished
Property Type: Laneway House
Bedrooms : 5
Bathrooms: 3
Living Space: 1,500 SF
Utilities and Internet: Not Included
Viewing Request:
https://princesspan.com/tenant-viewing-request.html
_____________________________________________________________________________
Features:
Prime Location: Vancouver West – Dunbar
Brand New Laneway House
5 Bedrooms | 3 Bathrooms | Modern Design
Spacious layout with quality finishes, perfect for families
Steps to **St. George’s Private School**
Within **Lord Byng Secondary catchment**
Quiet, tree-lined neighborhood
Close to shops, parks, transit & UBC
_____________________________________________________________________________
Requirements:
Minimum 1-year lease
No pets, no smoking
Tenant insurance required
Credit reference check is required
_____________________________________________________________________________
Listing agent:
Princess Pan
PREC | Residential & Commercial | Re/Max Crest Realty
_____________________________________________________________________________
Follow us on IG, Facebook and Twitter: PrincessPanRealEstate"
2650,4.0,,,39,Vancouver,"28th ave, Vancouver, BC V6S1S8","28th ave, Vancouver, BC V6S1S8",49.246481,-123.194435,craigslist_van,7930035584,craigslist_van:7930035584,https://vancouver.craigslist.org/van/apa/d/vancouver-close-to-ubc-spacious-single/7930035584.html,Close to UBC spacious single house 4Bdrm Basement,"Features:
▸Property Type: Single House
▸Utilities: Not Included
▸Available: Now
▸Furnishing: Partly furnished
▸Bedrooms: 4
▸Bathrooms: 2
▸Living Space: 1300sqft
▸Basement unit Rent: $2650/month, Separate Entrance
▸Lot Size: 6825sqft
▸Laundry: Washer and Dryer
▸Parking: Garage and Street Parking
▸School catchment: Lord Byng Secondary and Queen Elizabeth Elementary
_____________________________________________________________________________
Requirements:
• Minimum 1-year lease
• No Pets, No smoking
• Tenant insurance required
• Credit reference check is required
Please Email to book the showing, thanks.
Please include the following information in the Email:
1. your contact number or email
2. your reason for moving
3. number of people and the relationships between them
4. expected move in date
5. your preferred viewing time.
6. your occupation."
3980,4.0,,,118,Fleetwood,"Approx map: 49.155559, -122.769470","Approx map: 49.155559, -122.769470",49.155559,-122.76947,craigslist_van,7934160673,craigslist_van:7934160673,https://vancouver.craigslist.org/van/apa/d/surrey-spacious-or-5bedroom-upper-level/7934160673.html,"Spacious 3 (or 5)Bedroom Upper-Level Home in Fleetwood, Surrey","Bright and beautifully maintained 4-bedroom,potential 5 bedroom, 3-bathroom upper-level suite located in the desirable Fleetwood neighborhood. This home offers plenty of natural light, a private fenced yard, and a garage for your convenience.
Features:
Large and open living & dining area
Modern kitchen with ample storage
3+ Den spacious bedrooms and 2.5 bathrooms
Private yard – perfect for family and kids
In-suite laundry
Garage parking included
Quiet and family-friendly neighborhood
Location Highlights:
Close to schools, parks, shopping, and transit – easy access to Fraser Hwy and Hwy 1.
Rent: [3989] per month
Utilities: [shared]
Availability:
Lease term: Minimum 1 year
Requirements: References and credit check required"
6200,5.0,,,35,Mackenzie Heights,"3259 W35 Avenue, Vancouver, BC V6N2M9","3259 W35 Avenue, Vancouver, BC V6N2M9",49.2302,-123.189,craigslist_van,7932996775,craigslist_van:7932996775,https://vancouver.craigslist.org/van/apa/d/vancouver-cozy-family-bedrooms-home/7932996775.html,Cozy Family 5 Bedrooms Home,"Situated on a lovely quiet street,  The  house has 5 bdrms on the main floor and 2 bathrooms. Basement has entertainment room and is  for storage purpose only.
No pet and no smoke.
Credit check and tenant insurance is required.
Please introduce yourself and other roommate"
6000,4.0,,,73,Vancouver,"renfrew, vancouver, BC V5K4A7","renfrew, vancouver, BC V5K4A7",49.282449,-123.044246,craigslist_van,7933847250,craigslist_van:7933847250,https://vancouver.craigslist.org/van/apa/d/vancouver-warning-brand-new-house-for/7933847250.html,WARNING! Brand new house for rent Beside PNE LONG/SHORT TERM RENTAL,"This is a warning to non-locals about the house at 241 Renfrew St. advertised at:
https://vancouver.craigslist.org/van/apa/d/vancouver-brand-new-house-for-rent/7926557314.html
https://vancouver.craigslist.org/van/apa/d/vancouver-brand-new-house-for-rent/7924435469.html
https://vancouver.craigslist.org/van/apa/d/vancouver-brand-new-house-for-rent/7924856183.html
https://vancouver.craigslist.org/van/apa/d/vancouver-brand-new-house-for-rent/7925307129.html
I don't know what kind of confusion is the owner trying to pull here on non-locals by claiming the house is in Burnaby when in fact the house is in the city of Vancouver (not in the neighbouring town of Burnaby), it's nowhere close to Gilmore Skytrain Station or Metrotown or SFU (Simon Fraser University) Burnaby campus or Brentwood Town Center. Each of these destinations is at least 30 minutes away on public transit ACROSS FARE ZONE BOUNDARY.
$6,000/month is insane and a reason why it's been listed here for months in a market with a severe housing shortage.
Do your own research."
120,4.0,,,43,Vancouver,"Knight Street, Vancouver, BC V5W3N3","Knight Street, Vancouver, BC V5W3N3",49.232645,-123.077066,craigslist_van,7932891790,craigslist_van:7932891790,https://vancouver.craigslist.org/van/apa/d/vancouver-brand-new-house-in-vancouver/7932891790.html,Brand New House in Vancouver / Vacation & Short-Term Rental Options,"Brand New House in Vancouver / Vacation & Short-Term Rental Options
Prime Location Near Knight St & 49th Ave
For some reasons, so far only short term rental is available for these months, from May to August. Price is negotiable.
Looking for a comfortable and convenient place to stay in Vancouver? We offer two cozy rental options in a quiet, family-friendly neighborhood with easy access to transit, restaurants, parks, and shopping.
Perfect for vacation stays, business trips, students, or temporary relocation.
━━━━━━━━━━━━━━
Option 1: Private Entire Laneway House
Enjoy a cozy and private two-story laneway home featuring:
• 2 bedrooms
• Upstairs master bedroom with private balcony
• 1 full bathroom
• Fully equipped kitchen & laundry
• Quiet and clean living environment
• Ideal for couples, small families, friends, or professionals
━━━━━━━━━━━━━━
Option 2: Fully Furnished 2-Bedroom Second Suite
A comfortable and move-in-ready suite with everything you need:
• 2 spacious furnished bedrooms
• 1 full bathroom
• Fully equipped kitchen
• Cozy furnished living room
• In-suite washer & dryer
• Fast and convenient access to transit and major routes
Perfect for families, students, working professionals, or visitors to Vancouver.
Available now – flexible move-in dates available
Video Tour:
https://youtu.be/kwGnAx7UqbM
Neighborhood Highlights:
• Safe and quiet residential area
• Close to Fraser Street cafes, restaurants & grocery stores
• Near Langara College, Oakridge & Downtown Vancouver
• Easy public transit access
Contact for Viewing & Booking"
3895,4.0,,,24,Vancouver,"4150 W 8th Ave, Vancouver, BC V6R1Z6","4150 W 8th Ave, Vancouver, BC V6R1Z6",49.265396,-123.198448,craigslist_van,7933564248,craigslist_van:7933564248,https://vancouver.craigslist.org/van/apa/d/vancouver-coastal-luxury-with-zen/7933564248.html,Coastal Luxury with Zen Tranquility,"Exquisite, custom-designed contemporary residence boasting breathtaking, unobstructed views, just moments from the pristine beach. This sanctuary of modern elegance features a meticulously crafted Japanese-inspired zen garden, thoughtfully designed to evoke a profound sense of serenity and mindful relaxation. The property is ideally positioned within close proximity to a championship golf course, powdery beaches, and expansive provincial parks, offering the perfect balance of leisure, recreation, and natural beauty. Every detail of this home reflects sophisticated craftsmanship, from its seamless integration with the surrounding landscape to its refined architectural elements, creating an unparalleled retreat for those who appreciate tranquility, style, and coastal living at its finest."
5300,4.0,2.5,,39,Oakridge,"Ash Street, Vancouver, BC V5Z3G9","Ash Street, Vancouver, BC V5Z3G9",49.209453,-123.118961,craigslist_van,7933051506,craigslist_van:7933051506,https://vancouver.craigslist.org/van/apa/d/vancouver-4br-25ba-vancouver-west/7933051506.html,4BR / 2.5BA Vancouver West Townhouse Near Oakridge,"Prime Vancouver West location beside the Oakridge commercial hub. This bright and spacious 2-level townhouse offers 1,743 sq ft of comfortable living space and a true house-like feel. Just a 3-minute walk to Oakridge Centre and SkyTrain.
Featuring 3 bedrooms and 2.5 bathrooms, plus a large main-floor office/flex room that can be used for work, guests, or use it as a 4th living room. The home faces a quiet inner courtyard park and offers direct access to green space, perfect for walks and morning runs.
Features:
- 1,743 sq ft
- 2-level townhouse
- 3 bedrooms
- 2.5 bathrooms
- Large main-floor office / flex room
- Quiet inner courtyard exposure
- Steps to Oakridge Centre and SkyTrain
- Excellent school catchment: Jamieson Elementary & Eric Hamber Secondary
- Close to York House and Little Flower Academy
- Furnitures not included
Rental Terms:
- Available: May 15, 2026
- Rent: $ 5300/month
- Security deposit: half month’s rent
- Utilities: Not included
- Parking/storage: 2 underground parking stalls
- Extra storage locker in basement
- No smoking / no vaping
- Pets: pets considered upon approval
- Tenant insurance required
- References, proof of income, and credit check required
- Tenant must comply with strata bylaws
- No subletting
Please reply with a brief introduction, number of occupants, desired move-in date, and any pet information."
4190,4.0,,,28,"Dunbar, Vancouver","Highbury St., Vancouver, BC V6L2V9","Highbury St., Vancouver, BC V6L2V9",49.238249,-123.187058,craigslist_van,7933004141,craigslist_van:7933004141,https://vancouver.craigslist.org/van/apa/d/vancouver-sept1-bright-newer-br-garden/7933004141.html,Sept.1 - Bright Newer 4 Br. Garden Suite in Prime Dunbar,"Newly updated 4 bedroom garden suite in character house in prime area west of Dunbar St. near Highbury St. & 37th Ave.
Bright south facing new open plan kitchen with stone countertops, new stainless steel appliances including gas range & side-by-side fridge with bottom-mount freezer, microwave and dishwasher.
Wood grain plank floors, gas fireplace, in-suite laundry, prewired for fibre optics, bedrooms with large walk-in closets.
Close to transit, shopping, UBC, downtown.
Partial furnished including white leather couch, kitchen island bar with stools, pots, pans, dishes, small appliances.
$4190 per month including utilities. Available September 1. One year lease.
Some pets allowed on approval. Non-smoking house (including no cannabis or vaping)."
3600,4.0,,,58,vancouver,"5274 Taunton Street, Vancouver, BC V5R4B3","5274 Taunton Street, Vancouver, BC V5R4B3",49.236915,-123.038192,craigslist_van,7932896720,craigslist_van:7932896720,https://vancouver.craigslist.org/van/apa/d/vancouver-br-brand-new-renovation/7932896720.html,"$3,600 4 br BRAND NEW RENOVATION VANCOUVER 2nd floor with a big Patio","Bedrooms: 4
Bathrooms: 2
Laundry: Available
Parking: Available
A second-floor unit in a house in the Renfrew-Collingwood area is available for rent.  Next to the Park. 4 bedrooms and 2 bathrooms with a big patio. Kitchen with full-size appliances with a new renovation. EV charging is available.
This location is close to Joyce Skytrain Station and bus station (10 minutes' walk), as well as restaurants and shops in the Joyce community.  Commute easily to Downtown and Richmond.
10 minutes' walk to Joyce Collingwood Community Centre and Skytrain Station.
We are looking for a one-year lease to start.
Utilities are included.
No pets
No smoking
No subletting
Credit and reference check required
Income and employment confirmation required"
3850,4.0,,,27,Vancouver,"3233 SW Marine Dr, Vancouver, BC V6N3Y7","3233 SW Marine Dr, Vancouver, BC V6N3Y7",49.22942,-123.176769,craigslist_van,7932725808,craigslist_van:7932725808,https://vancouver.craigslist.org/van/apa/d/vancouver-featuring-private-gym-theater/7932725808.html,"Featuring Private Gym, Theater & Golf Training Facility","Located in central Vancouver, this private 4-bedroom Hamptons-style home offers exceptional space, privacy, and unique golf-focused amenities rarely found in a residential setting.
The home features superfast gigabit Wi-Fi, central air conditioning, and a fully equipped chef’s kitchen with Sub-Zero refrigerator and Viking range. Enjoy hotel-quality bedding and spacious living areas designed for comfort and entertaining.
Recreation highlights include:
• Private home gym
• Pool table and dedicated home theater
• Large practice green with professional-size golf cage
• Night golf on a fully lit green
• Landscaped garden with fish pond, heated covered porch, and BBQ
• Fully fenced, very private property
Perfect for families, golf enthusiasts, or groups seeking a high-end private stay close to shopping, dining, and Vancouver’s top golf courses."
4550,6.0,,,44,"Vancouver,Canada Line, Cambie","Approx map: 49.247500, -123.121000","Approx map: 49.247500, -123.121000",49.2475,-123.121,craigslist_van,7932671497,craigslist_van:7932671497,https://vancouver.craigslist.org/van/apa/d/vancouver-entire-house-bedrooms-by/7932671497.html,Entire House 6 Bedrooms By Canada Line Station,"Entire house 6 bedrooms by Canada Line sky train station.
Three bedrooms on main floor with living and dining room plus downstairs.
Walk to major shopping, restaurants, big box stores, coffee shops, cinema, gym, parks.
Quiet street in westside close to multiple bus lines, train station.
No smoking, no pets. Available now. Some renos.
Leave a contact number."
4500,4.0,,2026-05-22,49,Oakridge,"82 West 45th Avenue, Vancouver, BC, V5Y 2V9","82 West 45th Avenue, Vancouver, BC, V5Y 2V9",49.22930419999999,-123.1078514,padmapper,64223378,padmapper:64223378,https://www.padmapper.com/rentals/28423702p/4-bedroom-2-bath-apartment-at-82-west-45th-avenue-vancouver-bc-v5y-2v9,,
5800,4.0,,2026-05-14,52,Marpole,"7545 Yukon Street, Vancouver, BC, V5X 2Y4","7545 Yukon Street, Vancouver, BC, V5X 2Y4",49.2164667,-123.1156872,padmapper,64355402,padmapper:64355402,https://www.padmapper.com/rentals/28499481p/4-bedroom-2-bath-apartment-at-7545-yukon-street-vancouver-bc-v5x-2y4,,
4900,4.0,,2026-06-01,50,Riley Park - Little Mountain,"4359 Main Street, Vancouver, BC, V5V 3R1","4359 Main Street, Vancouver, BC, V5V 3R1",49.2464569,-123.1016032,padmapper,59887444,padmapper:59887444,https://www.padmapper.com/rentals/28177301p/4-bedroom-2-bath-apartment-at-4359-main-street-vancouver-bc-v5v-3r1,,
2999,4.0,,2026-07-01,55,Grandview-Woodland,"E 6th Ave & Nanaimo St, Vancouver, BC, V5N 5C7","E 6th Ave & Nanaimo St, Vancouver, BC, V5N 5C7",49.2648006,-123.0565997,padmapper,63622948,padmapper:63622948,https://www.padmapper.com/rentals/28514222p/4-bedroom-1-bath-apartment-at-e-6th-ave-nanaimo-st-vancouver-bc-v5n-5c7,,
4200,4.0,,2026-06-01,73,Hastings-Sunrise,"2723 Turner Street, Vancouver, BC, V5K 2G3","2723 Turner Street, Vancouver, BC, V5K 2G3",49.2793138,-123.0486281,padmapper,64366068,padmapper:64366068,https://www.padmapper.com/rentals/64366068/4-bedroom-3-bath-apartment-at-2723-turner-street-vancouver-bc-v5k-2g3,,
5995,5.0,,2026-05-14,41,Downtown Vancouver,"1383 Howe Street #PH, Vancouver, BC, V6Z 2R5","1383 Howe Street #PH, Vancouver, BC, V6Z 2R5",49.2760465,-123.130209,padmapper,64354760,padmapper:64354760,https://www.padmapper.com/rentals/64354760/5-bedroom-5-bath-apartment-at-1383-howe-street-vancouver-bc-v6z-2r5,,
5000,4.0,,2026-08-16,13,West Point Grey,"W 8th Ave & Tolmie St, Vancouver, BC, V6R 2A4","W 8th Ave & Tolmie St, Vancouver, BC, V6R 2A4",49.2656236,-123.2121177,padmapper,64319285,padmapper:64319285,https://www.padmapper.com/rentals/64319285/4-bedroom-1-bath-apartment-at-w-8th-ave-tolmie-st-vancouver-bc-v6r-2a4,,
6500,5.0,,2026-05-01,34,Dunbar,"Camosun St & W 28th Ave, Vancouver, BC, V6S 1S8","Camosun St & W 28th Ave, Vancouver, BC, V6S 1S8",49.2471854,-123.1967453,padmapper,62284509,padmapper:62284509,https://www.padmapper.com/rentals/62284509/5-bedroom-3-bath-apartment-at-camosun-st-w-28th-ave-vancouver-bc-v6s-1s8,,
3800,4.0,,2026-05-16,68,Victoria-Fraserview,"2300 Harrison Drive, Vancouver, BC, V5P 2P8","2300 Harrison Drive, Vancouver, BC, V5P 2P8",49.20843499999999,-123.059839,padmapper,64087176,padmapper:64087176,https://www.padmapper.com/rentals/64087176/4-bedroom-2-bath-apartment-at-2300-harrison-drive-vancouver-bc-v5p-2p8,,
